Appliances,lights,T1,RH_1,T2,RH_2,T3,RH_3
40,0,20.89,35.4,17.76,39.1633,20.29,36.9
90,10,21.89,53.1,21.29,45.36,21.6333,49.2267
50,0,21.39,35.5,17.6333,40.53,21.6667,35.2
50,0,21.39,41.0333,23.89,34.84,22.0333,36.9333
70,0,19.9633,35.1267,16.4633,40.1267,20,36.4
120,10,22.5,44.6967,20.89,40.59,22.29,38.26
120,10,19.39,36.7,16.89,39.9,19.79,36.6267
70,0,22,40.4667,20.6,40.4,24.2,37.3267
50,0,21.89,43.09,19.5,44.73,23.5,40.79
70,20,20.1,37.2,17.73,39.1633,20.29,36.59
110,10,22.73,44.1,21.79,40.46,22,43.59
70,0,22,43.4,21,43.5267,23.2,39.5967
100,0,21.39,41.1,19.5,39.8333,21.2,38.7233
110,20,21.5,38.9667,19.7,39.9,20.8233,38.1267
120,0,22,38.9,21.1667,37.5,22.5,37.29
50,0,22.1,35.29,18.5667,39.1267,21.6,35.6267
50,0,21.89,42.4667,19.7,45.8267,23.79,40.09
50,0,21.0667,35.5,17.79,38.29,21.5,35.09
30,0,22.1,35.76,19.2,38.2,23.23,37.2
140,20,21.0333,44.5267,20.7,42.0967,21,42.6267
60,0,19.1333,39,17.5333,40.76,19.89,37.4
60,0,21.2,35.5,19.6,36.59,21.7,35.29
20,0,17.5,41.56,16.5333,42.06,17.89,40.4333
40,0,19.6,46,18.79,45.9,19.79,45.2
340,0,23.23,42.43,22.81,37.554,24.7,37
70,0,24.5333,46.5,24.39,44.2675,25.7,42.1633
100,0,19.89,38.29,18.125,37.645,20.1,36.76
60,20,20.7,44.79,19.39,45.5675,21.456,41.96
60,0,24.89,47.79,23.4725,48.475,26.4214,43.7
130,0,20.9633,39.4667,18.5333,39.23,21.6,35.43
60,20,22.73,42.1267,20.76,43.03,25.73,40.79
50,0,18.7,39.55,16.79,41.1633,19.9267,37.5
50,0,21.76,36.3633,25.1,30.39,22.6,35.2
80,0,20.79,38.29,19.1,39.9,21.89,35.4
40,0,21.89,46.09,21,45.79,23.2,46.29
350,0,20.39,39.9,17.1,46.23,20.79,38.1267
100,10,20.9633,47.2633,20.6,43.1,21,42.9
140,10,23.6,49.23,22.1,48.56,25.6,40.4333
50,0,24.79,47.2,22.7,49.29,26.5833,44.5
70,0,21.6,36.4333,19.79,38.3633,22.76,34.2
50,0,25.29,43.09,24.1,42.8633,26.79,39.79
120,0,22.89,42.3633,22.0333,40.7667,23.39,39.7
60,0,25,48,23.68,48.178,26.29,43.79
50,0,21.5,42.2,20.6667,41.3633,20.89,44.7
50,0,21.5,45.09,20.79,44.2,22.2,44.9
60,0,20.9267,35.6267,19.1,36.9,19.89,36.9125
20,0,21.29,36.1567,18.76,37.59,20.9633,35.26
70,20,23.29,44.9667,22.39,43.9,23.29,45
40,0,19.2,39.7,18,40.29,19,39.5675
60,0,22,38.29,19.2,41.4,24.6667,37.3633
60,0,23.39,39.7267,20.815,42.3425,24.79,37.79
330,0,22.6,37.1333,21.2,36.79,23.2,35.29
70,0,22.79,39.2667,21.8567,37.9633,23,37.59
50,0,24.39,44.79,22,46.745,25.89,42.4
30,10,21.29,39.7,21.86,38.49,22,37.09
270,30,21.39,40.4633,20.5,38.0633,22.5667,39.7233
50,0,20.8567,35.56,17.5,39.59,20.2,36.6267
240,0,21.5333,37.0567,20.79,35.6967,22.46,39.4333
50,0,22,37.4,18.29,42.59,23.26,37.56
40,0,21.1,35.79,17.79,39.76,21.23,35.4333
20,0,18.89,44.76,18.2,44.59,20,45
40,0,22,44.29,21.2,43.59,21.9144,44.29
60,0,23.1,41,20.6,43.7,24.6,39.4
20,0,18.7,43.5,17.79,44.09,19.5,42.8267
60,0,21,36.36,19.7,35.56,21.29,36.4667
60,0,22.7,33.56,21.39,33.2,21.5333,34.7
40,0,21.6,47.36,21,45.2233,22.1,46.3267
100,0,21.1,38.9333,18.6667,41.26,20.39,37.9333
40,10,21.89,47.09,21.0667,46.56,21.76,46.5
60,30,23.8233,45.8,22.89,43.8267,23.89,45.4
90,0,20.5,36.5667,19.1,36.09,20.1,36.5
50,0,20.9267,41.9667,20,41.59,20.79,44.53
70,0,22.79,34.79,20.6333,35.23,22.4267,35.2
50,0,22.29,39.2,19.7,41.59,22.39,38.8267
70,0,21.29,35.2,18.1,39.09,22.7,35
60,0,25.2,37,26.39,31.6,26.2,37.754
390,20,20.39,43.2667,19.39,43.3633,20.4267,44.23
60,0,20.79,36.29,18,39.6267,22,36.7
90,0,25.5,49.2,24.8043,47.4,26.2,45.5
80,0,18.89,39.53,17.39,41.5667,20.58,38.29
40,0,20.76,40.53,19.1,40.4,20.245,40.245
150,0,24.29,40.6633,23.7,39.1933,25.2,39.23
60,0,21.29,41.2,20.5,40.5,21.39,42.5
40,0,21.5,36,18.79,38.79,20.1667,36.4
50,0,21.5,42.7,20.89,41.6633,23.1,43.06
120,20,22.9267,48.6333,22.6,44.2,22.29,46.8267
60,0,20.89,35.59,17.5667,39.53,20.2,36.56
170,30,20.7,44.79,19.39,45.59,21.39,41.9857
120,10,25.0333,40.2933,23.5,35.8713,23.7,31.745
120,0,22.5333,39.9667,20.89,41.4333,22.1667,38.5
50,0,21.79,37.79,23.2,34.3267,22.7,35.8267
100,20,21.5,41,19.79,41.0267,20.8233,41.1567
30,0,19.89,45.5,19.2,44.9667,20.5,44.29
110,0,23.6,33.2,22.5,31.6333,23.1,35.09
90,20,21.4267,39.56,19.7,40.3267,20.745,38.09
60,0,21.39,39.2,18.5,44.2233,22.89,37.06
50,0,23.2,38.03,22.89,36.29,22.79,38.09
40,0,20.1667,37.2,17.3567,40.5,20.7,37.6267
40,0,19.6,43.79,18.89,43.5,19.9633,44.79
110,0,22.79,39.4333,21.7,39.62,24.6,37.3371
90,0,19.4267,36.59,16.79,40,19.89,37.09
60,20,23.39,40.03,21.0667,42.5,24.7,38
440,20,20.6,40.4,19.5667,40.4333,21.1333,46.1233
80,0,21.76,41.2,19.39,46.2633,22.1,38.23
60,20,21.4633,43.1933,19.7,43.6333,21.2,41.3633
100,20,21.5,40.6633,19.8567,40.9,20.79,41.1567
60,0,21.73,36.09,19.1,38.79,22,35.79
60,0,22.79,39.79,20,43.3267,23.3233,39.56
130,40,20.23,44.4633,18,43.2333,20.1667,38.43
60,0,21.1,43.5,19.5667,44.3267,21.76,42.5
60,0,24.59,51.014,23.9532,49.4693,27.056,45.06
70,20,21.5,41.8267,22.1333,40.4,22.8567,38.4667
90,0,24.6,40.53,22.9633,40.03,25.1667,38.79
90,0,22.1,38.29,19.7,41.1267,22.89,38.2
50,0,21.7,38.76,18.89,42.56,22.39,38.2
110,0,25.6,31.29,26.76,27.4267,25.1,36.03
50,0,22.5333,39.59,20.2,42.06,22.89,39.59
280,0,23.23,39.06,22.6,37.5667,23.8567,41.6567
40,0,19.6,41.03,18.1333,41.7,19.76,40.59
300,10,22,43.43,20.79,42.5667,22.5006,47.3306
40,0,19.9633,45.2,19.29,44.76,20.4633,44.26
50,0,21.5,37.03,20.43,38.0667,22.7,35.59
80,20,22.0667,41.8633,21.1,41.4333,21.6,43.4667
40,0,20.4267,40.5667,18.79,40.29,20.29,40.5
40,0,21.7,42.1633,20.9175,41.2225,20.79,44.53
100,10,21.39,38.4986,19.29,39.4,21.79,37.09
70,0,22.39,37.2,20.29,39.09,23.5,37.79
70,0,22.7,42.1633,20.39,44.73,23.89,39.4333
50,0,22.6667,39.56,21.7,39.2,21.29,43.6267
80,0,20.1667,39.7667,18.29,40.3267,20.2,39.2
50,0,18.6,43.4,17.7,44.1267,19.39,42.6267
40,30,22.2,44.6633,20.89,44.5,21.89,44.1633
80,0,21.1,34.23,19.6667,34.26,20.29,35
50,0,19.7,38.06,17.2,41,21.0667,37.6633
70,0,21.29,37.09,20.29,35.8633,20.65,37.4
120,0,22.89,38.56,22.3629,37.5543,24.62,37.09
70,10,20.76,37,18.5,40,21.89,34.5
40,0,20.89,36.79,19.945,36.645,21.79,35.09
90,10,22.9633,46.3267,21.9633,45.3267,21.89,46.7
390,0,21.7,33.7967,19.6,33.9,22.6633,36.2333
60,0,22.5,44.09,20.1,47.1267,24.7,40.9333
100,0,22.89,36.53,20.29,37.6633,23.6,33.7
130,20,22.79,39.6933,21.1667,40.0967,22.6,37.9667
50,0,20.89,41.79,19.1,44.4,21.5,38.8267
70,0,24.2,41.6267,25.39,36.29,26.2,37.23
70,0,21.1,39.59,20.29,40.03,21.89,37.5
40,0,22.2,41.5,19.6667,44.2,24.39,39.7
80,0,21.73,35.4333,18.89,37.9,22.5667,34.26
110,20,21.7,45.43,20.2,45.6333,21.73,42.7
80,0,22.29,44,21.8567,43.09,22.7,41.4333
90,0,22,41.8333,20.89,42.29,23.3567,38.29
250,10,19.6,41.59,19.1333,40.9,19.2,42.8633
100,0,21.2,44.93,20.39,42.7,21.6,43.76
70,0,17.39,36.6267,16.39,36.8267,17.89,37.4667
70,0,21.7,35.3633,18.79,38.06,22.6,34.3633
120,0,23.1,38.6267,22.6333,36.5,23.1,36.76
40,0,19.2,38.7,18.39,38.2,18.79,39.79
60,0,22.1,36.8057,20.1571,37.2257,20.7675,37.9
110,0,25.29,48.5,24.5,47.476,26.0429,44.0686
110,0,22.79,37.05,22.39,36.53,23.36,35.7267
50,0,19.29,37.8633,17.6,39.4333,20.5,37.4
80,0,21.89,41.09,20.4267,42.2,22.9267,38.5
50,0,22.9267,41.23,22.3267,41.29,24.29,38.5
40,0,22.29,43.4333,21.5667,43.09,21.79,44.7
90,0,22.29,34.6,22.4667,32.1,23.73,35.4
40,0,21.2,44.5267,20.5,42.53,21.5333,43.59
100,0,21.5,40.5,19.1333,44.1633,22.5,38.29
100,10,20.79,39.3,19.5,37.36,20.7,36.26
80,0,20.79,38.1633,19.7,38.06,20.7,39.0267
330,20,24.79,48.76,25.014,46.34,26.8,44.2667
50,0,22.6,35.29,20,37.1267,23.1,36.79
40,0,23.7,35.29,20.5,38.018,24.254,36.076
50,0,20.2,36.4633,16.55,41.8267,20.4267,37.59
40,0,21.26,37.8633,18.29,40,21.79,36.29
60,0,21.1667,40.03,20.1333,40.56,21.79,37.79
50,0,20.6,40.29,17.39,46.5,21,38.29
50,0,24.1377,39.0492,23.1746,37.9831,24.9044,37.6578
130,0,20.1,37.8267,19.93,36.59,20,36.23
40,0,18.89,44.2,18.245,44,19.89,45.09
40,10,20.79,40.2,19.2,41.59,20.6,38.53
390,0,20.5,42.8267,18.89,43.86,21.29,41.56
120,0,21.5,41.0667,19.76,44.1933,22.39,38.09
50,0,20.39,36.9,17.29,40.8633,20.2,37.045
50,0,20.675,41.0675,19.9267,40.2,20.89,41.8633
50,0,24.89,47.56,23.29,48.7,26.5571,43.5
110,10,23.5,48.2333,21.1,43.595,25.6,38.23
50,0,20.6,41.79,19.79,40.2,20.79,41.4667
50,0,21.6,38.79,19.2,41.76,22.5,38.1267
90,0,22.29,39.5,20.6,40.7,22.23,37.9333
40,0,20.6,36.79,18.79,37.1267,20.5,37.26
210,10,20.26,38.6333,19.76,34.1267,19.76,35.7
50,0,21,43.4667,19.79,42.16,21.1333,40.79
300,20,21.0333,45.6233,20.3567,43.23,22.745,45.46
40,10,20.7,38.2,18.39,39.79,21,40.2
80,10,21.39,45.03,20.79,43.8267,21,46.6633
120,10,22.79,37.76,21.23,37.03,22.7,36.9
110,30,22.29,40.1267,20.89,37.8633,22.3233,37
100,0,21.7,36.29,19.29,38.9,20.29,36.475
50,0,21,39.5,19.9633,40.73,21.79,37.4
50,0,21.2,38.2233,18.2,42.6267,22,36.59
60,0,20,35,17.5,36.1333,20.2257,37.1786
50,0,19.39,42.09,18.8233,41.23,20.6,44.23
60,0,22.6667,41.3633,20.8567,42.8633,23.39,39.79
180,20,21.5,46.3,20.6333,44.8267,21.5,43.2
50,0,19.3567,46.3333,19.2,45.1567,19.79,44.7
100,0,22.89,47.0567,21.6,43.9667,24.2,38.23
30,0,19.5,42,19,40.93,21.2,45.5967
90,0,25.5,32.43,27.1,27.7633,25.1,36.26
280,20,21,40.4,19.1,41.06,21,40.09
130,0,24.4532,37.2644,23.6322,34.8623,24.8483,36.6058
80,0,23,35.1633,21.29,33.6567,23.73,33.29
50,10,22.1,39.5267,20.2,38.1567,22.1,37.26
20,0,21,45.79,20.4267,43.9,22.23,45.1567
50,0,20.3233,39.2,19.0667,39.3633,19.89,40.29
40,0,21.2,38.29,18.5333,41.4,23.2,36.29
50,0,24.89,47.5,22.89,49.2,26.6,44.59
140,0,21.1,33.6933,20.0333,31.6967,21.5,34.5967
240,10,22.1,34.43,20.1,33.36,23.6333,35.89
50,0,24.1,40.4,21.7,42.29,25.39,39.7
90,20,22.1,37.59,20.5,37.9333,21.5,38.56
320,20,22.445,40.895,21.2,38.495,22.79,37.9
400,0,20.3567,45.06,20.1,43.76,20.0333,45.59
230,30,21.89,44.3633,20.7,43.3267,23.3733,46.4067
90,0,21.1,39.9667,18,44.7667,22.5,38.5267
80,0,22.0333,41.2933,21.1,40.23,23.0286,42.2857
40,0,19.79,45.2,19.0333,44.59,20.39,44.06
40,10,21.8567,47.06,21,46.545,21.73,46.4
70,0,21.5,40.4,18.9633,44.2,22.6,38.4
60,30,21.55,41.45,19,45.4667,20.89,38.9
40,0,20.89,36.5643,18.89,38.09,21,38.6686
40,0,19.6667,36.6333,17.7,37.7,20.5,37.5
210,10,21,41.212,19.2,41.2,20.9633,40.26
60,0,22,41.9,21.2,40.45,22.65,43.345
60,0,22.73,35.8633,23.5,32.53,22.89,35.9333
180,30,19.1,44.7233,18.5,43.76,19.26,43.6633
120,10,21.2,41.86,19.4267,42.6267,21.1,40.4
40,0,22.2,43.4333,21.5,43.2,21.8233,44.73
120,0,21.6333,46.8933,19.6,41.76,20.96,40.06
80,0,22.7,42.5,23.26,39.2,22.6,40.76
70,0,21.89,36.8,18.79,40.09,23,36.2
120,0,23,41.4567,20.6667,41.2333,22.8233,37.53
50,0,23.1,41.2,21.3329,42,24.6,39.7
50,10,21.5,45.03,20.89,44.3267,20.7,45.79
20,0,21.1333,35.4667,18.1,39,20.3233,36.9
100,0,22.89,42.95,20.89,44.79,24.1,39.2
40,0,22.1,40.9,18.89,46.2,24.1,39.2
60,0,20.39,44,20,43.2,20.1,43.8267
50,0,22.2,34.29,20.1333,35.6333,22.89,36.1633
30,0,19.76,46,18.9267,45.59,19.89,45.2
70,20,20.7,44.53,19.79,42.4,21.29,42.525
70,20,22.79,43.5,22.0333,42.4333,22.1,44.2
440,0,24.3831,37.661,23.5305,35.5558,24.8608,36.8396
60,20,21.6,37.7,18.9633,39.76,21.7,36.4
50,0,18.79,37.9,16.79,40.09,20.2,37.9667
90,10,22.1333,43.9967,20.39,41.99,21.4633,41.0267
60,0,20.9267,41.59,19.1,44.1267,21.5,38.79
50,0,20.79,40.09,19,41.59,21.39,40.79
40,0,19.8567,41.3633,18.2,41.59,19.89,40.79
90,0,22.6667,39.9667,21.8233,39.7,22.06,40.156
50,0,21.6,37.09,18.89,40.2,22.89,37.2
180,0,20.29,38.6333,18.1333,40.06,20.5333,39.03
90,0,21.6714,38.1214,20,37.3214,20.8186,37.4286
90,0,21.1,40.0267,21.445,37.145,21.865,38.0925
60,0,22,36,19.39,38.3633,21.8233,35.5667
130,0,21.39,43.4667,21.125,41.3725,21,42.2
370,30,23.3567,53.4933,23.0333,39.86,25.1333,43.5
50,10,18.9267,39.4,17,41.2,19.89,37.4333
50,0,20.79,41.495,17.9267,45.86,22.76,38.76
100,0,22.6667,57.4967,21.29,56.0267,24.89,40.49
50,0,22,40.6267,19.5,44.06,22.89,39.7
70,0,20.6,41.6233,19.26,39.49,22.1,40.0333
50,0,22.5,39.045,20.29,40.03,24.9267,36.4
70,10,19.6333,45,19.29,44.1267,19.5,43.9333
80,0,23,34.9333,23.1,32.76,23.1,35.4333
60,0,24.23,39.23,23.0967,39.2667,26,37.29
90,10,21.23,37.23,19.1333,39.26,21.7,37.2
60,0,21.8567,34.7,19.79,35.1267,20.5,36.6633
90,0,23.5,35,23.29,32.59,24.2,34.2
50,0,22.6,38.1633,24.8567,32.29,23.2,37.59
30,0,21.7,38.6633,19.3567,41.1267,22.6,38
110,0,20.7,36.4567,18,39.7,22,36.7
60,0,24.1,47.79,21.79,50.7,25.39,42.73
60,10,20,38.5267,18.245,36.845,20.29,35
60,0,25.29,39.59,23.29,40.76,25.89,34.536
50,0,20.73,41.9,19.7,42.26,21.2,41.03
90,0,21.1333,33.86,19.7,32.4667,23.73,36.8
50,20,22,38.6633,18.5667,42.59,22.4267,37.79
80,0,22.2,37.73,19.2,41.9,23.3233,38.79
80,0,22,43.1267,20.29,46.46,23.29,38.79
80,10,22.2,43.4333,20,45.8267,23.8567,39.4667
230,0,21.0667,38.79,21,35.86,21.5333,36.3633
50,0,20.79,37.59,17.5,41.6333,21.6,35.5
110,0,20.79,44.2233,20.5,43.06,20.2,44.79
60,0,22.39,38.56,22.6333,36.59,22.3567,37.9
310,0,23,43.53,22.2,41.1633,23.39,39.3633
140,0,21.23,35.5,19.5,37,20.29,35.4
300,40,24,47.05,23.1,44.36,24.2,45.79
70,0,24.2,41.6267,25.7,35.46,26.5,37.56
50,0,22.89,39.4333,21.89,39.1267,21.29,43.59
140,20,23.5,35,22.5,33.812,24.29,35.09
40,0,19,42.09,18.39,41.29,19.89,43.2
50,0,23.1,45.29,21.5,46.9,24.89,42.09
50,0,22.8567,39.3633,20.7,39.9333,24.5,37.7257
50,0,22.6333,41.03,19.6,45.545,24.29,38.79
50,0,21.6,43.29,20.29,43.59,21.89,42
60,0,21.39,38.29,19.5,38.7,21,39.4
50,0,20.8567,36.8633,19.7,37.3267,21.79,35.09
50,0,19.7,37.2,17.29,39.8267,20.0333,38.8267
80,0,21.7,34.8333,20.29,34.5133,21,36.4
50,0,21.6,35.2,18.1,39.79,21.6,36
50,0,23.5,38.9,20.7,42.1633,24.65,36.95
50,0,20.79,35.5,17.29,39.7,20.2,36.76
40,0,21.79,37.76,23.1,34.5,22.79,35.79
100,10,25.79,38.73,24.6,38.0667,26.754,34.4
80,10,20.7,35.9,21.8667,33.6233,21.4633,34.7
400,20,22.26,46.9633,21.29,46.0667,21.89,45.5667
50,0,20.29,35.1633,18.29,35.9333,20.7,36.5
70,20,25.1,44.7,23.2,44.59,25.7,41.79
110,20,21.79,43.56,20.4725,44.2675,21.6,42.4
280,0,20.2,37.4633,16.6,42.7667,20.39,37.5
50,0,22.2,39.09,19.6,42.03,22.73,38.79
60,0,21,35.4,17.7,39.59,22.6,35.09
80,10,20.89,44.3633,20.1,44,21.7,44.29
70,10,21.79,44.1933,20.8233,43.6633,21.39,43.7667
100,0,20.8567,40.56,19.6667,41.06,21.1,39.53
60,0,23.7,39.09,22.7,39.09,21.2,43.3633
90,0,22,40.3333,21.73,38.6633,22.29,38.7
50,0,20.5333,37.7,17.7,40.7,20.1,38.09
60,30,25.0667,44.7,23.1333,44.6633,25.7,41.79
110,40,20.2,40.53,18.39,41.1267,21,39.73
50,0,22.7,45.7,21.79,44.76,23.29,45.5
90,10,20.79,35.3267,19.39,34.3333,20.79,35
60,0,20.2,36.9667,18,39.4,22.5,34.09
60,0,24.79,47.79,24.6,46.09,26,43.79
60,0,20.9633,43.8667,20.26,40.1267,22.39,44.9
50,10,19.5,40.6267,18,40.73,20.1,40.1567
40,0,19.6,45,18.8233,44.53,19.79,44.53
90,0,19.3567,45.4633,19.025,44.4725,19.26,43.93
60,0,21.89,37.9,23.3567,34.2,22.7,35.9667
420,10,21.29,34.4,19.5,33.3333,23.2,34.76
40,0,22.39,37.7,19.29,41.9,23.39,38.79
90,10,22.3567,45.63,20.4542,42.3417,21,40.73
70,20,21.5,38.4,20.6,37.79,20.7,41.425
50,0,22.6,41,19.5667,45.6267,24.23,38.73
100,10,21.5,36.59,18.79,38.9633,23.0667,34.4667
220,0,23.9434,49.3637,25.1,43.501,26.1636,43.4352
110,10,24.8309,47.3088,24.8604,43.9035,26.5212,42.1209
110,20,22.89,34.1633,20.2,36.09,21.79,35
30,0,20.6,43.1267,18.8567,44.3333,21.39,41.9333
140,10,24.39,38.63,23.79,36.7233,25.2,38.76
470,0,24.39,43.7567,25.39,37.134,26.1633,38.0667
50,0,23.79,40.29,21.1667,42.79,25.39,39.9
620,0,24.39,44.3333,25.37,37.736,26.73,38.8633
40,10,19.6667,40.9667,17.8567,41.8633,20.29,40.6267
120,0,21.6,37.36,19.9633,38.5667,23.3567,38.1333
30,0,19.29,46.59,18.6,46.5,19.79,45.2
30,0,18.5,38.76,17.39,38.53,18.89,39.6933
90,0,22.2,39.56,20.7,37.7,22.29,37.09
350,10,21.1333,35.99,19.5667,35.4,20.2,34.53
150,0,23.0667,38.56,22.3567,36.8267,23.1,36.8633
30,0,20.3233,39.5,18.0333,41.03,21.2,40.59
50,0,19.5,37.2,16.29,41.1633,20.2,37.345
50,0,23.26,40.09,22.39,39.6633,21.5667,43
70,30,22.29,42,21.5,41.06,21.7,43.06
50,0,20.6,40.99,19.73,39.3267,21,39.8633
60,0,20.89,36,18.2,39.06,21,35.4
110,0,25,31.8667,23.89,29.7,23.4633,30.1333
70,10,20,34.89,17.5,35.9333,20.39,37.8333
90,20,20.5333,37.3267,18.7,40.2333,21.3233,35.03
30,0,19.89,37.3267,17.2,40.7,20.89,38
40,0,22.29,35.29,18.8233,38.73,21.39,35.5
50,0,20.89,37.09,21.29,35.7233,21.8567,35.09
80,0,22.23,36.39,20.815,37.1725,22.7,36.1933
80,0,17.89,35.8633,16.76,37.2,18.29,37.5
40,0,22,38.09,20.2,39.1267,22.39,37.5
100,20,21.79,38.2667,20.7,38.23,21.79,37.29
40,0,19.4267,46.29,18.6667,46.26,19.79,45.1267
70,0,21.3233,35.2,20.5,34.09,20.29,36
50,0,24.5,39,22.79,39.4,25.6333,38.79
40,0,18.79,46.29,18.29,46,19.6,44.4667
70,20,22.6,43.7,20.89,44.03,23.2,40.6267
290,0,21.39,37.8267,20.2,38.1633,23.8267,40.49
250,0,25.3233,47.93,26.6,41.0129,28.2,42.09
390,0,19.79,38.29,18.0667,39.7,21.6633,37.7667
30,0,19.6667,45.06,18.89,44.6267,20.3567,43.8633
70,0,19.7,36.29,17.7,38.4667,20.2,35.7
60,0,24.79,50.36,27.39,44.38,25.12,46.86
120,30,23.29,40.39,22.1,38.6267,22.79,45
50,0,20.39,39.5,18.2,41.03,21.2,40.6633
60,0,20.89,42,19.1,44.59,21.6,39
60,0,24.89,47.4,23.1333,48.7,26.5,41.7514
60,0,21.29,37.6567,19.3233,39.53,21.79,36.76
70,20,18.4267,43.3267,17.79,42.23,19.29,42.4
230,30,20.79,44.5,20.2,42.3633,21.6,44.772
160,0,21,38.8267,19.23,40.23,21.6,37.2
90,10,22.1,42.3633,21.5667,39.36,22.5333,43.7667
90,0,21,36.5,19.7,35.9667,20.5,37.23
50,20,21.1,45.7667,20.39,43.79,21.9267,44.5
330,0,20.7,35.53,16.79,42.1267,21.6667,35.6967
80,0,19.5333,40.9333,17.7,42.0667,20.2,40.56
400,20,22.2,37.7,21.1,37.06,23.32,37.4975
60,0,24.26,44.76,21.8567,46.76,25.89,42.29
100,0,25.1,38.9667,24.5667,37.6267,25.39,37.09
80,0,22.2,38.29,19.76,40.9333,22.89,38.045
40,0,21.5,38.7,19.2,41.73,22.2,37.29
70,20,21.79,43.3633,20.6,44.06,21.6,42.29
90,20,22.73,43.3633,21.55,43.345,22.29,42.42
80,0,24.6,38.3633,24,36.645,24.7,37.245
70,10,19.79,36.7667,18.89,36.9233,19.8233,35.9333
120,20,21.6667,37.76,20.39,37.9333,21,37.7
80,0,21.2,39.29,17.9633,44.23,23.4633,38.26
70,0,21.2,35.29,17.9267,39.2,22.7,35.09
70,0,21.15,40.545,20.23,40.8633,20.89,39.378
430,20,20.7,38.28,19.7,37.59,20.2,37.9
50,0,21.2,38.2,21.46,38.49,21.8567,36.56
60,0,21.1,39.9,20.5,39.7,21.79,37.6633
60,0,22,36.2,20.1,37.5,22.7,34.29
20,0,18.89,44.29,18.2,44,19.9267,45.09
50,0,21.6,40,21.1,39.09,21.39,41.5
90,0,22.2,42.695,21.6333,41.7,21.1,44.6633
90,0,24.7,52.09,24.29,51.045,26.29,45.6633
80,30,22.89,44.93,21.9175,45.0112,24.5,40.2
50,0,23.6,37.7,21.5,39.2,24.6333,38.29
180,0,21.9633,39.26,21.39,37.6633,21.89,41.3267
50,0,19.0333,44.03,18.3076,43.9,19.79,45
50,0,19.4633,37.6633,17.26,39.9667,20.1,37.4
50,0,25.1,35.4333,25.76,30.7,26.29,37.178
650,0,20.89,36.7,18.29,39.6633,21.2,36
90,10,21.5667,35.4,19.6,37,20.39,35.59
90,0,21,37.8686,19.86,37.0483,22.5167,36.645
20,0,18.89,43.79,18,44.1267,19.7,43.5
50,0,20.8567,37.2233,19.2,36.9667,20.5,37.09
80,0,22.1,35.53,19.73,37.29,20.8567,36.2233
30,20,21.3233,41.29,18.3567,46.79,20.79,38.5
60,0,20.79,40.09,19,41.53,21.39,40.8267
210,0,19.5,38,18.96,39.1,19.89,36.9667
60,0,22.89,36.29,20.6,38.09,23.89,37.29
30,0,17.89,45.06,17.1,45.2667,18.9175,42.425
60,20,20.89,36.6267,18,40.29,22.1333,34.5
70,0,21,35.4,17.7,39.59,22.6,35.1633
100,10,20.0333,44.0633,18.29,41.9567,21.6333,39.6333
110,20,21.1667,45.5667,20.6,44.9,21.445,42.745
100,10,21.3233,38.13,19.89,37.1633,20.89,37.4667
140,10,16.89,44.6633,16.2,44.4667,17.3567,42.5
130,0,21,39,19.6,40.4333,21.79,37.4
270,0,26.1,41.6267,26.29,38.09,29.1986,37.5243
50,0,22.26,38.1633,19.9267,40.23,23.23,37.1933
190,0,20.0333,45.5,19.2,44.1267,19.9633,44.7
60,0,21.1,39.29,19.5667,40.9,21.89,37.5
40,0,20.6,46.1267,20,44.5,20.2,45.4
110,0,23.6,40.79,21.1,43.3333,24.5,37.9333
60,0,22.7,44.5,20.4267,46.9333,24.5,40.4
70,0,22.1,34.4333,20.29,35.5,20.89,36.1267
560,30,21.3567,36.09,19.5667,37.1633,21.6333,35.03
40,0,19.89,38.6933,18.3567,37.6633,20.2,37.1267
60,10,22.79,41.2,19.9267,45.4,24.39,38.79
100,0,19.4267,36.73,17.1,40.03,19.79,36.59
110,10,23.1,36.8633,20.5,39.2567,22.5,36.09
70,20,25.3567,39.1267,26.5,34.6633,26.39,37.736
50,0,20.89,36.995,19.5,36.73,21.1667,36.53
90,10,20.6667,31.93,19.2,30.9633,19.6,33.1567
50,0,20.5,35.6267,18.39,37.29,20,37.4
40,0,18.89,46.79,18.1,46.6633,19.5,45.0675
60,0,20.1,35.09,16.39,40.09,20.1,37
90,0,23.39,45.9667,21.6,47.2,24.89,40.79
50,0,22.9267,41.29,20.89,43.036,24.7,40
100,10,22.6,43.4233,21.7,42.63,25.23,37.6267
90,0,21.89,41.09,19.2,44.53,24.39,39.9
60,20,20.6,36.9333,17.89,39.9333,20.1,37.4
80,10,24.6,33.3267,25.29,30.5,24.1,35.9
60,0,22.0667,39.9,22.1,38.2,22.39,38.29
40,20,21.89,34.8267,19.6,36.79,21.39,35.29
60,0,20.29,43.59,19.5,43.09,20.2,44.4
60,10,20.79,43.7233,20,42.5,21.74,43.1872
30,0,18.79,46.5,18,46.5,19.7,45
40,0,18.6,40.5,17.26,40.9667,19.0667,39.8633
60,10,24.89,48,24.718,46.072,26,43.856
60,0,20.6333,35.2667,16.73,40.43,21.29,34.9667
110,10,21,41.3975,19.29,42.4633,20.4633,41.9667
50,0,19.89,42.09,19.3567,40.7,20.8567,41.9
20,0,19.4267,45.23,18.7,44.9,19.79,44.4
60,0,22.2,43.7,19.7,47.5,24.7,41
70,0,21.5,36.7,18.26,40.46,23.1,34.5
60,0,23.79,35.06,20.8043,37.1657,24.2,35.4
80,0,23.5333,35.6933,26.3567,29.9967,23.79,36.7
50,0,19.6333,37.2,17.29,39.8267,20.1,38.8267
20,0,22.1333,39.09,19.5,41.59,22.4633,38.8633
70,0,19.4633,38.4,16.3233,42.93,20.0333,37.03
60,0,19.9633,35.3333,17.4633,36.3633,20.14,36.798
120,0,19.79,39.1267,18.89,39.1333,19.9633,39.6267
140,10,23,47.6667,22.5,41.6633,22.6,44.5267
40,0,20.79,44.6567,19.8567,42.6333,21.39,42.4111
80,0,22.5,37.5,20.39,40.03,22.79,37.09
100,20,23.6,37.29,22,37.3971,24.236,36.09
20,0,20.7,35.7,18.1,37.245,21,35.7
50,0,19.89,36.09,18,37.3633,21,36
50,0,20,39.6267,18.79,38,20.29,37.4333
40,0,20.1,45.2,19.23,44.8267,20.5,44.4
110,0,24,40.7,22.55,41.545,25.1,39.09
50,0,19.2,43.76,18.5,43.775,19.89,45
40,0,23.29,41.29,21.68,41.79,24.5,39.29
50,0,21.5,37.5,18,43.06,23.23,37.73
90,0,25.5,46.5,25.754,42.08,27.1333,41.2233
60,0,22,34.76,19.5,36.73,22.7,36.26
60,0,24.73,38.59,22,40.754,24.55,32.8
240,0,22,42.7667,21.0333,42.4667,22.5,41.5
120,0,24.945,50.09,23.26,50.8333,25.79,45.345
70,0,22.79,39.4,20.6,40.3633,24.5,37.9
50,0,21.815,37.3175,18.8233,40.9333,22.1,36.79
110,0,21.29,38.7,19.53,41.5967,21.89,37.2
70,30,20.6,36.8333,17.5,40.2233,21.6,34.8633
40,0,22.1,41.59,19.7,45,24.2,39.79
40,0,21.2,39.5,18.7,43.09,22.39,39
90,0,23.6,34.06,22.68,32.4,24.29,34.4
50,0,21,37.4,19.1,37.79,20.8233,38.73
30,0,20.7,36.5,17.1,41.4667,20.6,37.3267
40,0,20.73,36.79,20.2,35.4,20.29,36.9333
50,0,19.2,37.7,17.0333,39.9333,20.2,37.59
50,0,20.89,40.5,20.1,39.4,21.1,42.7
90,0,24.79,35.76,25.025,32.57,24.26,36.06
60,10,20.5,40,17.2,46.2,20.89,38.2
400,10,22.2,44.1567,21.6,42.59,21.5,44.9
70,0,21.29,39.56,18.6,43.56,22.5,37.59
90,0,22.6,35.26,20.175,36.7675,23,35.4
30,10,21.7,46.9333,20.79,46.7,21.7,46.5
50,0,24.6,38.9,22.89,39.1267,25.7,38.7
70,0,21.5667,38.4,19.6,40.59,21.89,38
70,20,21.79,37.4,19.9633,38.4,20.6,38.5
410,0,21.79,43.06,21.6333,40.9633,21.755,43.9
110,0,24.4065,37.5288,23.5644,35.3247,24.8566,36.7617
30,0,21.23,35.8267,19.7,37.23,21.79,35.7
80,0,24.39,35.865,23.1,35.2037,24.39,33.09
140,20,22.26,44.3633,21.7,43,21.7,44.93
120,0,19.89,36.3633,18.6333,37.6933,19.89,36.2
40,10,18.6,39,17.5,38.3333,18.89,39.9
140,30,22.4267,38.76,19.8567,38.9333,24.3233,37.66
70,0,22,41.9,20.89,42.4,23.5,38.29
70,0,20.79,35.09,18.29,36.8267,20.5333,38.1633
420,10,22.39,46.0633,22.0333,43.29,23.3233,48.1933
120,20,21.7,43.9667,20.29,44.79,21.7,42.59
270,10,21.6333,37.3633,20.79,36.6333,25.3233,39.26
90,0,22.1,45.8633,21.8233,43.4633,22.39,43.6883
40,0,22.26,38.76,19.5,42.2,22.39,37.9333
50,0,21.89,46.09,21,45.79,23.1667,46.2
100,20,22.3567,42.5,21.7,41,21.7,43.06
60,0,21.7,40.5,18.89,44.3633,22.8567,39.4667
90,0,17.1333,46.29,16.5667,45.5667,17.29,43.23
40,0,20.29,37.9,18.5,38.79,20.89,39.23
50,10,20.89,33.5,19.6,33.95,20.075,34.5675
60,10,22.6,32.6933,25.4633,26.1967,22.7,32.53
110,0,20.39,35.26,18.8233,35.53,20.6,35.1267
50,0,21.275,36.1817,19.2,37.3686,20.89,38.3725
50,0,22.29,36.5,19.6333,39.2,21.79,36.29
50,0,20,37.09,16.89,40.7,20.26,37.9
50,0,22.29,39.2,19.7,41.59,22.39,38.8267
30,0,21.6,37.09,18.76,40.29,22.6333,35.9333
30,0,22.0333,39.59,23.1,36.6633,22.26,37.9667
50,0,25.2,36.23,26.1,31.39,26.2,37.5
20,10,21.2,47.29,20.29,47.4,21.6,46.79
40,0,22.2,42.09,24.29,37.4333,23.1,39.09
50,0,20.5,39.4633,19.6,39.23,20.7,40.29
260,0,21.29,42.9,20.26,37.6333,20.79,39.3633
50,0,24.6536,50.0353,24.1928,47.9991,26.9147,44.2836
190,0,21,37.7,19.1,37.9333,21.76,35.9
50,0,23.39,38.7,24.5667,34.8267,24.8567,38.0633
50,0,20.6333,43.1267,19.6,43.26,20.5,44.5
50,0,21.9633,40.9333,18.79,46.5,24.1,39.245
50,0,21.4267,38.73,18.7,42.23,22.39,39.1267
80,0,22.6,43.8633,22.2,42.6633,22.39,43.4889
90,20,21.9267,42.5,20.7,43.53,23.2,39.23
50,0,23.1333,36.09,20.815,37.745,23.89,37.2
60,0,22.1,38.4,19.29,41.4333,24.7,37.4
70,0,21.2,41.79,18.1,47.09,23.0667,38.3633
260,0,24,42.36,26.7257,34.4714,26.7633,40.4
50,0,24.1,40.4,21.7,42.3633,25.39,39.7
260,0,23.39,37.915,21.7643,38.9571,24.76,38.26
270,0,19.5667,41.53,18.23,43.09,20.4529,38.7043
50,0,21.89,38.59,19.5333,39.6633,22.1,37.4
60,0,22.29,35.5,19.5,37.9,23.26,37.1633
50,0,22.1,37.5,19.2,40.8633,22.1,36.79
20,0,21.79,37.4,19.1667,40,22.26,37.2
120,10,19.39,36.9667,17,40.045,19.79,36.7
50,0,21.89,36,22.9267,32.06,22.5,35.7
40,0,20.29,42.5,19.29,42.09,20.89,44.29
70,0,23.7,31.9267,23.7,29.3333,23.29,34.79
120,0,23.39,36.79,21.5,37.73,22.8567,35.9
50,20,21.5,46.3633,20.7,44.79,21.5,43.1267
110,0,21.89,34.9,22.1,32.26,22.39,33.9
60,10,20.6,35.26,17.5967,38.9333,21.6,34.59
70,0,20.5,41.9267,19.79,40,21,40.1633
60,0,20.89,35.2,18.39,36.7,20.6,38
50,0,21.89,34.9,19.39,36.9667,22.89,36.53
120,0,25.5,37.16,25.73,33.0667,25.39,36.09
130,20,21.89,40.1333,20.73,38.8333,21.1333,39.89
70,0,19.6,36.8333,17.76,37.09,19.7,36.7
250,0,22.1,43.2567,20.6,44.36,23.0667,39.4667
20,0,20.1,36.2,18.26,37.4,20.2,38.2
50,0,23.6667,37.76,21.5,39.2,24.6,38.2
40,0,23,41.4333,22.99,40.4667,24.29,38.59
370,0,21,40.4,18.39,44.06,21.79,38.09
50,0,20.9267,37.4,19.0667,37.9,20.89,38.8175
50,0,21.5,38.76,19.89,38.245,23.23,37.0667
90,0,22.4267,40.09,21.5667,39.9333,22.1,40.1529
30,0,21.5,38.4333,17.89,43.06,22.39,37.1267
50,0,19.89,36.9,16.6,41.4,20.29,37.5
240,0,21.3567,42.9,18.89,46.9333,23.2,40.7233
240,0,22.73,37.5,20.79,37.1933,22.6,35.645
130,20,20.89,37.8,18.39,41.06,20.39,37.4667
150,10,16.89,44.56,16.2,44.4,17.29,42.3267
40,0,20.39,39.56,18.2,41,21.2,40.59
120,20,22.6,41.73,20.79,40.93,22.79,39.1633
270,0,21.23,37.0267,19,39.06,23.1633,37.56
50,0,20,38.2,17.5,41,21,37.29
80,10,22.2,33.6633,21.495,32.7,20.7,35.5
50,0,21.23,35.3633,18.29,38.4,20.3233,36.9
50,0,23.0333,39.7,20.6833,41.4,25.29,37.59
570,10,24.89,32.6667,23.56,31.14,23.6,30.8233
100,0,22.23,34.59,20.1,36.06,21.79,34.2
60,0,22,37.73,23.7,33.7233,22.76,36
60,0,19.7,41.06,17.89,41.9,20.29,40.7
50,0,21,41.5,19.1,44.09,21.6,38.7
60,0,20.29,33.4,18.39,33.5,19.7,34.9333
60,0,20.39,35.2,16.79,39.8633,20.2,37
390,10,19.6,38.8633,19.2,37.73,19.39,40.1267
490,0,24.4718,52.8316,23.5081,52.1997,27.3184,46.5018
290,0,19.79,39.93,18.4633,39.5,20.29,37.1633
60,20,22.79,45.4,21.89,44.6175,23.29,45.4
440,0,21.4267,41.5967,19.7,41.1567,21.89,37.4667
40,0,19.89,37.8633,17.5,40.2233,20.6333,39.5667
190,10,25.5,47.06,26.54,41,28.2,41.53
110,0,23.2,41.5633,21.89,39.36,27.0667,37.1
120,0,25.5,48.4333,25.0286,46.6214,26.2,45.1214
360,0,18.1,37.06,17.29,36.26,18.1,38.56
60,0,20.0667,34.4667,17.2,37.79,22.0667,35.1633
50,0,19.2,44.7,18.6333,42.9333,19.39,43.6567
110,20,21.89,34.7,19.7,36,21.89,34.645
80,0,23.0667,36.23,21.6667,34.5,24.1,34.1567
70,0,21.15,40.59,20.0667,40.9667,21.1,39.79
140,20,24.39,38.5967,23.8233,36.73,25.2,38.4
50,0,25.1,35.2,25.6,30.73,26.2,36.834
40,0,18.7,46.29,18,46.5,19.7,44.59
70,0,24.76,49.99,27.3614,44.7286,25.1,46.6
40,0,20.73,38.09,18.1,40.59,20.1,38.09
80,30,20.1,40.3633,19.1667,40.6933,20.5,38.9333
50,0,21.4267,40.5667,19.4267,41.1267,20.9267,40.5
20,10,20.1,40.4,19.075,38.45,20.39,37.1725
50,0,21.4175,39.645,22.4267,37.26,22,37.1633
50,20,17.79,37.8267,16.79,37.1633,18.2,38.8633
120,0,22.1,39.5225,21.1333,39.6633,22.7,37.7
50,0,24.2,39.76,22.5,41.09,25.76,39
40,0,18.89,42.2,18.2,41.29,19.8567,43.29
70,20,22,38.09,20.7,38.6633,21.6333,37.5
50,0,24.5,38.4333,23.39,37.23,26.29,38.09
50,0,19.39,37.59,17.2,39.9,20.1,37.4
60,30,20.7,44.7,19.39,45.59,21.39,42
70,20,21,36.9,18,40.9633,22.1333,34.59
70,0,22.1333,42.09,21.4633,40.4667,22.6,43.29
50,0,21.2,37.2,18.7,39.59,22.6,36.56
270,0,21.79,32.8267,19.7,33.4333,23.3567,38.4
90,0,22.7,40.3333,21.7,39.03,24.1,37.6633
170,10,19.7,35.03,19.6333,33.86,19.6,35.4
100,0,21.9633,41.7,20.76,42.5,23.1,38.4
50,0,20.29,34.2,17.5,37.145,22.29,35.2
30,0,17.79,40.7,16.745,41.2,18.1,40.09
60,0,21.23,37.86,18.29,40,21.7,36.29
120,10,20.1,43.6933,18.9633,36.9,18.5667,39.6633
40,0,19.89,36.2,18,37.5,20.1,38.254
40,0,21.39,42.1633,20.5667,41.3267,20.89,44.7
60,0,21.4267,37.4333,18.3233,41.9,22.2,37
60,0,21.79,38.8267,20.4633,40.4333,22.79,37.2
260,0,23.29,35.1267,23.3471,33.5771,24.2,35
60,0,25.1,36,26,31.39,26.29,37.3843
60,0,22.89,40.26,20.5,42.79,23.2,39.5
30,0,22.1,38.4333,19,43,23.1,38.2233
130,20,23,44.3633,22.39,40.9333,22.6,43.7
40,20,22.1,44.59,21.5667,42.79,21.77,45.4889
20,0,17.6,41.145,16.6,41.7,18,40.2
70,20,22.1,35.09,19.6,37,21.39,34.4333
500,0,19.7,45.59,18.89,44.23,19.89,44.9
130,10,21.79,40.6633,21.0667,39.8267,22.0333,44.4333
60,0,21.315,38.5675,17.6,43.8267,22.29,37
50,0,20.3567,37.1267,17.5667,40.23,20.89,37.6633
110,10,21,45.2567,20.7,42.43,21,42.7
80,0,22.1,37.09,19.8567,38.6633,21.2,37.7
130,10,20.4633,40.1667,19.79,35,19.89,36.3633
110,0,23.1,39.1267,21.39,38.23,25.5333,35.2
50,0,21.0333,41.1267,19.2,43.4333,21.76,38.5
60,0,22.5,42.1633,24.6,36.8633,23.1,39.2
90,0,20.1,45.3267,19.2,43.7,19.89,44.79
50,10,21.4267,47.03,20.6,47,21.675,46.7
40,0,20.3567,37.2,17.5667,40.29,20.89,37.59
40,0,20.7,36.79,19.1,37.7,20.575,36
40,0,21.79,45.53,21.2,43.8267,22.6333,45.09
50,0,21.7,39.59,18.2,44.9,23.7,38.3267
70,10,23.39,37.79,21.9686,37.5,24.29,36
70,20,22,38.6633,18.6,42.5,22.4633,37.7233
590,30,19.8567,47.6633,18.7,34.1,18.4267,37.8333
50,0,21.29,35.2,19.9633,35.6267,19.79,36.9
70,0,23,39.7,20.6,41.4,25.29,37.59
40,0,21.745,44.79,20.89,44.09,22.225,44.8206
160,0,22.7,36.7,21.0333,37.59,22.89,37.29
60,0,24,44.9,22.39,45.356,26.6333,40.29
180,0,22.3567,40.7667,21.2,40.86,23.89,36.3633
50,20,21.73,48.5,20.7,46.29,22.39,44.9333
70,10,18.1,36.9,16.79,37.7,18.39,37.4333
50,0,20.9267,45.29,20.39,43.7,21.39,43.6267
70,0,20,33.29,18.1,34.4,19.6,35.29
50,0,20.7,46.2,20,44.4333,20.2,45.5
70,0,22.39,45.7233,20.29,49.06,25.2,39.89
120,0,21.8567,50.3667,20.9267,45.5267,21.6667,44.5567
120,0,23.39,36.6633,21.5,37.79,22.79,36
220,10,21.76,46.53,20.53,47.6967,23.8567,43.2
420,30,22.5333,42.73,21.2,41.79,21.89,44.6817
110,0,19.8233,38.79,19.1,38.1267,20.2,37
60,0,20.76,40.9267,19.2,41.33,22.0667,38.96
60,0,22,41.4333,21.2,40.59,21.5667,42.59
40,0,20.9633,38.79,20.39,36.9667,20.7,38.9333
50,0,22.0667,37.5,19.1667,40.8633,22.1,36.79
30,0,21.6,44.9,20.89,44.3267,22.29,45
50,0,22,38.09,20.4633,38.9,22.3567,37.53
140,20,22.6,37.36,20.2,37.6933,23.6,35.8267
40,0,23,38.09,20.2,40.79,23.1,38.59
30,0,19.73,37.2,19,36.79,18.6,38.29
80,0,21.39,42.6333,18.9267,46.8633,23.26,40.4633
50,0,22.0333,38.9333,19.5333,41.29,22.29,38.79
110,0,22.1,34.59,20.39,35.6633,20.89,36.29
100,10,20.6,33.79,18.7,34.59,20.1,35.2
120,0,21.6,36.6567,18.7,40.06,22.6,36.23
80,0,20.29,44.2,19.89,43.4,19.79,43.79
40,0,21.2,46.2,20.5,45.4,21.7,44.3572
30,0,21.79,37.79,23.1333,34.4667,22.79,35.79
50,0,21.6667,42.6633,20.89,42,22.6,43.77
60,0,21.23,38.1267,18.29,41.2,22.29,37.9
100,0,23.5,39.9667,22.5571,35.4686,24.1571,34.2643
50,0,25.1,35.29,25.7,30.6667,26.29,37.054
80,20,22.6,38.79,21.1333,39.26,23.1,37.5
80,10,20.6,32.46,19.1333,32.4267,19.7,32.9667
190,0,21.3233,37.9,19.79,38.9633,22.7,36.59
70,0,22.5,39.76,21.39,40.39,23,38.9633
80,10,18.39,43.76,17.7,42.6267,19.5,43
70,0,23.2,38,22.8567,36.2233,22.79,38.09
60,0,25.26,47,25.5625,43.9,26.73,42.2
230,0,21.65,36.995,19.79,36.7,20.3233,35.6267
60,0,21.6,44.4,19.89,46.59,23.1,41.79
740,20,19.5,42.1333,18.26,39.1967,19.89,39.1933
50,0,21.79,35,19.2,37.4,23,36.79
80,0,22.0333,38.9333,23.39,36.03,22.9633,37.59
40,0,25.6,46.79,26.236,42.9,26.29,43.44
50,0,20.9267,37,21.29,35.43,21.79,35.09
90,10,24.8809,46.5398,25.0486,42.7484,26.4102,41.5109
120,0,21.55,39.995,20.29,39.53,21.7,37.79
40,0,19.5333,44.9333,18.79,44.2,19.89,44.6267
90,0,22.73,39.8633,21.89,39.59,22.0714,40.1686
40,0,19.6,46,18.79,45.9,19.8233,45.23
50,0,22.2,43.4,20.1,44.7,23.5,40.9
50,0,22,36.5257,20.0857,37.0929,20.7257,37.9
30,10,19,39.9333,17.4633,40.5,19.5,40.09
70,0,25.29,48.8267,24.39,48,26.02,45.2
40,0,21.39,43.2,20.1,43.79,21.89,42
40,0,21.39,37.09,18.89,38.8267,22.6,36.4
50,0,20.39,37.9,18.5571,39.0257,20.6,38
50,0,18.6,38.9667,17.29,39.5,18.9267,39.09
60,0,24.89,47.9,23.54,48.29,26.39,43.7257
50,0,22.89,45.9,21.1,47.8267,25.0667,42.2
130,0,21.26,43.59,21,41.43,21,42.26
60,0,22.1333,37.3633,22.5,35.5,22.1,36.53
50,0,22.6,44.6267,22.0667,43.2967,22.29,45.26
60,0,19.89,36.59,18,37.26,20.39,37.29
50,20,20.79,38.1567,19.26,39.36,21.89,34.9
120,0,21.9633,40.9,20.6,41.79,23.0333,38.53
50,0,21.79,38.5,19.5,40.6333,22.5,37.9
30,0,17.945,44.2,17.1333,44.59,19,42.1267
60,0,20.89,40.73,19.46,42.76,22.1,37.9
60,10,20.7,36,21.5333,33.8333,21.5,34.7
270,10,19.4475,43.97,18.1667,39.6333,19.89,39.4
50,0,22.1,44.9667,21.79,43.59,21.9022,44.4611
50,0,22.6,38.79,20.0667,41.7,22.1,37.59
190,30,25,40.1333,27.6667,33.06,26.29,37.7
100,0,21.1667,37.5933,20.3233,35.4567,20.6667,38.6333
50,0,19.6,38.4633,17.0667,41.09,20.7,37.1933
60,0,23.6,35.4,20.29,38.4143,24.2,36.5129
40,10,20.79,38.29,18.5,39.8267,21,40.1267
40,10,19.29,44.7967,18.79,44,19.5,44
90,0,21.5,44.995,19.79,43.5,21.89,38.5267
110,30,23.39,40.1633,21,42.6333,24.7,37.9333
110,30,21.7,41.03,21.0667,39.99,22.5,38.7
100,0,22.23,38.9333,23.8567,35.1633,23.1,37.7
50,0,21.89,41.79,19.6,45.2,24.1333,39.9
80,0,22.1,42.4667,20.29,44.29,23.76,38.1633
100,0,20.9633,39.1633,18.6,41.24,20.3233,37.79
130,0,20.89,35.7,17.89,39.245,21,35.2
70,0,24.7,33.4333,25.2,30.5,24.2,36
30,0,21.2,38.26,18.5,41.45,23.2,36.29
30,0,21.4267,37.79,19.5,38.59,20.6,38.59
20,0,23.26,28.9967,24.9267,24.0633,23,32.06
50,0,20.6333,35.03,19.7,34.73,20.1,35.3267
50,0,21.29,35.76,18.4633,38.06,22.1,35.9
40,0,21.5667,42.59,20.6,42.7,21.4633,43.59
70,20,19.79,47.4267,19.1,45.03,20.1,45.29
410,0,24.3991,53.9502,23.2342,53.88,27.4798,47.3891
60,0,21.29,38.9333,19.7,40.36,20.89,38.1267
50,0,24.6,37.8633,21.89,39.9429,24.2,32.06
50,0,19.89,37.8,17.6333,40.4267,20,36.9
50,0,21.39,38.29,18.7,41.8267,22.79,38.1633
160,0,20.2,43.9233,19.29,41.3333,20.39,41.3267
50,10,19.6,41.0267,17.79,41.9633,20.3233,40.7
430,10,20.1333,41.9,18.9267,42.7967,19.76,40.9967
50,0,21,36.7,20.5667,35.73,21.79,35.2
100,20,21.1,40.35,19.5667,40.43,20.76,41.4333
60,20,20.8567,36.4,18.29,39.7,19.89,37.59
50,0,19.73,38,17.26,40.9667,21,37.53
200,20,23.5,35.1633,22.39,34.134,24.29,35.156
50,0,22.1,43.6633,19.79,45.6633,23.79,39.29
70,0,21.8233,36.4,20.1,37.925,22.6,34.2
100,0,22.29,36.2,20.1,38.2,22.2,35
50,20,21.5333,41.09,19.1,45.1267,21.1,39.3267
110,0,23.5,34.6567,22.6571,32.5514,24.18,34.054
50,0,21.7,38.79,19.1,41.7,22.4267,39.03
50,0,20.5,39,18.6,40.26,21.29,38.7
100,0,21.89,41.5,20.4633,42.5,23,38.4
40,0,22.4529,36.9857,21,37.59,21.2563,37.6475
50,0,20.89,40.7,17.89,45.29,23.1,39.79
230,0,21.5667,38.1333,20.79,36.2233,22.1333,38.8633
110,0,22,41.1633,20.26,42.73,21.89,38.4333
90,0,22.5,41,22.6,38.6267,23.1,38.76
120,0,21.39,39.795,18.6,44.56,22.89,37.2
50,0,21.2,44,23.5333,39.43,21.79,40.5
50,40,19.89,46.0667,19.2,44.59,19.79,45
80,0,22.1,41.6267,21.2,41.59,23.29,38.09
50,0,20.4633,34.09,17.76,36.59,22.3233,35.2
60,0,20.39,37.5,17.5,41.7667,22.9267,36.53
60,0,20.9633,41.9,20.29,40.7233,22.0333,41.03
60,0,21.39,41.2,20.6,40.5,21.39,42.5
40,10,21.6,39.26,22.4633,36.76,22.1,37.2
90,0,22.8567,36.7967,23.1,34.03,27.1333,37.99
50,0,21.29,37.145,22.3333,35.6967,22.6,34.5
90,10,22.29,38.53,20.23,40.1567,21.6333,36.59
40,0,18.89,42.1633,18.29,41.4,19.89,43.23
190,0,21.1667,46.46,19.4267,41.2967,21.73,37.2
100,20,21.39,42.33,19.7,41.8267,20.8567,41.6933
90,10,19.6,32.8333,18.6633,33.36,19.1,33.19
70,0,21.1667,41.7,20.5,40,22.39,43.09
40,0,19.5,34,17.4633,35.26,19.7,36
40,0,19.89,45.4,19.2,45.03,20.4267,44.23
50,0,20.39,35.8,18.79,35.73,19.9529,36.8843
40,0,21.39,37.9,19.39,38.29,20.6,38.7
70,0,20.79,38.29,19.1,39.79,21.8233,35.23
50,0,21.2,43.4633,20.39,43.3633,21.7,43.79
60,0,22,39.5,19.7225,42,22,38.29
280,10,23.3567,44.0667,22.79,42.09,24.5667,47.8
50,0,24.2,47.1567,23.79,46.1567,25.6,42.59
140,0,22.3233,46.4233,22.315,43.4,24.9633,42.39
60,0,24.79,38.59,22.1,40.9,24.6,33
50,0,21.1,35.59,17.89,38.29,21.5,35.03
80,0,23.39,42.9,23.5429,40.8257,24.29,38.9667
50,20,20.1,35.7,17.7,37.545,20.7,35.9333
40,10,21.39,44.56,20.79,43.8633,20.2,45.6633
120,0,19,38.8267,17.6667,39.6633,18.7,38.6633
40,0,20.89,44.2,20.29,43.4,20.39,43.56
30,0,20.29,37.5,17.29,40.5,20.1667,38.06
40,0,24.1,47.7,22.4633,49.3267,25.39,42.6633
50,0,19.76,37.79,17.5667,40,20.1,37
310,30,20.8567,47.4633,20.4633,46,20.5333,45.59
60,10,21.7,46.53,20.7,45.9,22.29,44.53
50,0,21.1,40.29,20.3233,39.2,21.2,42.7
80,0,20.5333,42.53,19.1,43.4,21.2,41.26
80,20,22.2,41.79,21.26,41.5,21.6,43.29
60,20,21.6,44.29,19.79,46.4,23.1,41.7
370,0,20.5333,41.23,19,40.36,21.5967,39.1633
90,0,21.3233,38.9667,23.3233,33.1267,22.39,35.2
30,0,17.79,42.8633,17.1,42.5,18.4633,43.59
120,10,22.39,39.79,20.7,41.8633,22.2,38.29
50,0,21.89,38.59,22.0333,36.23,22.29,36.79
60,0,23.29,41.2,20.89,43.79,24.5667,39.5
50,0,22.6333,37.3267,20.79,38.53,23.39,37.56
50,20,22.0333,44.53,20.79,44.4,21.89,44.06
120,20,23.5,38.23,22.478,36.254,24.5,35.5
50,20,21.39,42.59,20.79,41.6567,23,42.9667
110,0,22.89,43.29,21.2,44.29,24.29,38.9667
120,0,20.6,42.3633,19.9633,40.6633,21,40.5225
100,10,22.6,43.29,21.0667,44.1933,26.0667,39.1967
20,0,18,43.7,17.1667,44.29,19.1,42
70,0,21,40.4975,20.76,40.4633,22.1333,38.03
60,0,22.6,39,20.29,39.845,24.8567,36.26
20,0,19.76,46,18.9175,45.7,19.89,45.1633
50,0,19.89,36.2,18.0333,37.5,20.1,38.2386
310,10,21.2,45.09,20.6,44.09,20.1,45.5
70,0,24.2,41.9,26.08,35.276,26.73,37.9333
50,10,20.79,41.1333,18.9267,41.2233,20.2,41.6633
70,0,21.89,35.79,19,38.4,23.2,37.2
50,0,21.5667,40.5,19.89,40.03,20.2,39.7
50,0,23.2,40.59,21.1,42.29,24.76,39.4
120,20,21.89,37.7667,20.26,36.2233,22.4633,35.9667
70,0,23.1,45.6633,21.1,47.09,24.6,40.59
100,10,20.79,40.56,19.6,41.06,21.1,39.59
40,0,18.6667,36.76,17.89,35.86,18.1333,37.76
50,0,19.9633,35.7,17.79,37.26,20.39,34.93
50,0,21,35.29,17.8567,39.1633,20.23,36.8267
40,0,19.7,46.1267,19,45.4,19.8567,45
40,0,19.5,41.29,18.29,41.5,19.79,40.7
40,0,21.79,35.09,18.29,39.59,21.5333,35.79
90,0,21.4267,36.36,19.2,38.36,23.3567,34.99
70,0,22.79,40.895,21.2,36.3633,22.6,35.5
60,0,24.79,47.9,24,47.7,26.5429,42.09
70,0,20.7,38.26,19.29,37.76,21.5667,37.29
60,0,22,40.9,18.8567,46.4667,24.1,39.29
50,0,18.6,38.1933,17.6,37.9333,18.89,39.9
60,0,20.79,38.29,19.1,39.9,21.89,35.4
40,0,22.29,38.8633,22.89,36.59,22.29,37.9667
60,0,24.7,47.7,23.6667,48.23,26.5,42.09
160,0,24.8233,52.6567,24,52.1233,26.2,45.8267
50,0,22,39.09,19.3567,42.7,22.89,39
310,0,20.6,39.0667,19.39,38.2233,22.1,38.9267
50,0,21.1,35.59,17.79,39.5,21.1,35.4
80,10,22.36,39.6333,19.5,40.54,23,34.3667
150,20,22.89,41.69,21.1,37.9667,22.73,36.79
750,30,22.43,43,21.9267,40.1333,21.23,42.5967
50,0,18.76,42.23,18.1,41.5,19.79,43.2
40,0,19.8233,37.23,18.89,36.9,19.1,39.56
390,10,21.89,41.73,21.2,40.9333,20.5,44.26
60,0,21.39,41.7,18.79,44.3633,22.79,39.4
160,40,20.2,38.8633,18.39,39.9333,20.5667,37.5667
100,10,20.7,33.4333,19,34.6333,20.1,34.6633
60,0,23.9633,37.9,21.9633,39.09,24.39,37.59
50,0,22,35.9,18.89,38.2,22.6,35.9
50,0,21.39,39.73,18.6,43.79,22.1333,38.3267
50,0,21.89,44.56,20.39,46,23.05,41.745
110,30,21.79,38.9633,20,38.73,21.29,38.9667
50,0,21.89,39.09,19.2,41.59,22.39,38.9
110,0,25.4267,50.9,25.5429,47.8371,26.254,46.678
40,10,19.73,36.29,17.79,36.9667,20.0857,38.1243
50,0,22.0333,44.9633,21.4267,43.73,22.6667,45.26
50,0,22.76,39.59,20.39,41.1267,24.6,38
40,0,20.2,39.9,18.6,41.29,20.79,39
40,0,19.1,39.09,17.6667,39.56,19.6,40.5
60,0,22.2,43.7,19.7,47.5,24.7,41
50,10,21.79,39.9,20.1,40.79,21.39,40.59
50,0,24.1844,38.7848,23.2424,37.5208,24.8961,37.5019
50,0,24.39,38.4,23,37.8633,26.39,38.2225
50,0,22.39,41.7,20.3567,44.1567,23.5,40
40,10,19.79,36.0667,18,37.4,20.89,35.9
70,0,25.2,48.4333,23.8471,48.4986,26.29,45.09
70,0,21.39,40.595,22.595,38.9975,22.39,38.4
60,0,20.7,43.09,18.89,44.5,21.79,42.7
40,0,19.89,45.29,19.29,44.845,20.39,44.2
60,0,22.89,36.3633,21.6,36.4,22.89,37.6267
70,0,22.7,36.6333,19.9633,38.09,23.6,34.03
130,0,21.2225,43.3425,21.23,41.79,22.1,38.9667
90,0,20.1,38.6567,18.2,40.0667,20.5,38.5
20,0,19.5,37.59,17.29,39.7233,20.29,35.8267
60,0,20.5333,39.5267,19.3567,38.3633,22.0333,39.26
80,0,21.39,33.73,20,34,20.1,35.59
70,10,21.89,39.4,20.9633,38.79,20.89,41.3633
90,20,21.5667,37.36,19.29,36.8,23,34.79
80,0,21.4633,45.8633,20.6,44.5667,21.5,44.2
40,0,22.5,35.06,19.3567,38.2,21.5,35.5
70,0,21.29,37.3,18.2,40.8,22.2,37.4
50,0,21.79,42.2,19.1,45.7,23.5,39.09
110,0,21.9633,41.7,20.76,42.5,23.1,38.4
50,0,22.2,41.09,21.6,40.4,21,42.5
30,0,20.1,35.66,16.5,40.1667,20.3567,37
60,0,20.79,37.09,21.2633,36.4233,21.89,35.09
200,0,20.6,38.6633,21.96,36.43,23,35.26
80,0,21.5,40.5,19.1,44.2,22.5,38.29
90,30,20.7,39.6933,18.3567,41.2667,20.2,37.9333
30,0,20.5,42.245,19.6,41.79,20.9267,44.29
110,10,19.445,36.79,17,40.1633,19.79,36.59
90,10,22.29,43.9333,21.89,42.8633,22.7,41.4
50,0,21.29,38.56,17.7,43.9,22.29,37
70,20,21.4267,41.6267,21.73,40.99,22.79,38.29
270,0,22.89,36.6633,22.7,34.4667,27.29,38.5
70,0,21.39,43.5667,20.7,42.56,22.5,41.9667
20,0,20.6833,37.2933,18.7,38.9829,20.89,38.5257
230,0,20.1,34.9667,18.79,35.5,19.79,35.7
60,0,20,37.09,18.39,37.06,20.39,35.79
50,0,22.39,33.8633,20.6,34.0667,23.1,36
80,0,22.39,40.2,20.89,41.23,21.5,40.7
70,0,20.89,42.9333,20.2,40.26,21.6667,40.9667
80,0,23.4267,38.79,20.7,42.03,24.7,37.26
50,0,19.7,36.3175,17.5,38.79,20.29,36.06
270,10,20.365,39.35,19.29,38.1633,21.6333,39.6267
70,0,20.6,38.1567,19.6333,38.1333,21.39,36.6633
50,0,24.5667,38.9333,22.89,39.26,25.7,38.7
60,0,22.29,38.745,23.39,35.2,22.5667,38.7
60,0,21.79,40.9,19.4267,43,23,39
50,0,19.89,37.4,17.2,40.7,20.89,38.06
60,0,22.29,35.53,19.5,37.95,23.23,37.1267
60,0,21.73,36.2,19.29,37.7,22,35.79
70,10,23.39,39.5,20.5333,43.03,23.79,37.59
60,0,22.0667,39.56,25.865,32.62,23.2,37.59
50,0,19.89,35.8333,18.1333,36.8333,20.29,34.8633
20,0,19,37.5,18,37.4,19.2,40.09
100,0,25.5,49.1267,24.736,47.42,26.2,45.5
690,10,22.5333,45.0267,22.0667,39.79,22.39,41.93
120,0,24.1,36.55,28.6,28.754,25,36.9667
130,0,20.29,39.2,20.23,38,20.5667,38.5
50,0,22.5667,42.29,21.79,41.09,23.1,42.73
50,0,20.7,35,18.79,35.7,20.73,36.4
300,20,21,38.0267,19.76,37.0267,23.3233,38.09
100,0,22.6667,38.9667,21.1667,39.59,22.6667,37.76
100,0,23.7,43.2633,22.6,39.89,24,40.1267
260,0,21.5,40.1,19.9267,38.3333,22.8233,38.9667
70,0,19.4633,39.89,18.7,36.7,20.0667,35.6333
70,20,22,38.4,20.7,38.73,21.73,37.29
60,0,21.5,38.2,18.89,41.7,22.7,38.2
50,0,21.79,36.76,19,39.79,21.79,36.5
60,0,20.6,35.59,17.1,40.2,21.1667,34.3633
110,0,22.1667,36,19.89,37.1267,22.5,33.79
70,0,21.4633,41.36,19.76,40.83,21.79,36.3267
120,0,24.4649,37.1983,23.6492,34.7468,24.8462,36.5669
50,0,24,30.5333,24.3233,27.2633,23.39,33.53
210,0,22.23,45.2933,21.53,41.6567,22.4633,41.4
130,0,20.2,37.1567,20.6,35.5267,20.0333,36.23
50,0,19.76,32.9667,18.7,33.23,19.3233,32.8267
80,0,21.0333,40.3633,19.5667,39.6567,22.7,41.4967
50,0,21,33.5,18.9633,33.9333,22.7,34.9
120,10,17,44.1633,16.2,44.245,17.39,42.09
50,0,22.39,37.7,19.29,42,23.39,38.8633
70,0,20.3567,43.7,20,43.06,20,43.9
60,0,20.89,36.2667,17.6333,40.2333,22.5333,35.1267
50,0,21.6,36.9,18.79,40.06,21.7,36.59
140,20,22.7,36.8267,21,38.03,22.2,36.2
50,0,22.2,39.29,23.1,36.59,22.2,37.9
90,0,22.1667,35.4333,20.1333,36.4,21.7,34.53
20,0,20.29,44.5,19.6333,43.8267,19.89,43.7
60,20,23.1333,42.29,22.5,41.245,23.5667,42.9
560,0,21,38.9,19.29,40.2,21.7,37.2
50,0,22.79,42.86,20.6333,45,24,39.3267
50,0,19.5,37.2,17.79,38.7,20.8614,37.0643
60,0,23.89,29.7267,24.39,26.3267,23.29,33.26
40,0,19.39,40.29,18.1,40.4,19.1,39.5
60,0,22.79,39.9,20.2,42.9667,23.29,39.59
50,0,22.39,39.4,21.5,38.53,22.6333,38.36
40,0,18.39,38.79,17.5,38.79,18.5,39.29
60,0,23.39,44.9,22,44.834,24.6,41.5
50,0,22.29,45,21.6,43.56,22.6,45.23
70,0,21.73,37.7,23.1,34.5967,22.7225,35.7225
60,0,22.29,39.59,21.7,38.4667,22.6,38.4
120,0,22.1,43.73,20.1,45.9,23.6,40
330,0,20.79,38.03,19.39,37.79,21.5,36.9
60,0,23.2,46.8267,23.39,43.9814,24.5333,41.8633
40,0,18.79,46.5,18,46.5,19.7,45
60,0,21.89,44.5,20.5,45.9,23,41.7
210,0,23.7,39.6933,27.39,32.618,25.1667,37.43
60,10,23.79,41.5,22.736,40.478,24.5,38.5
120,0,23,35,23.1,32.8267,23.1,35.5
60,0,20.8233,41.9333,19.9175,41.7,20.79,44.59
110,0,24.79,37.9667,24.6667,34.5267,24.6,36.79
300,0,22.3567,43.53,21.89,40.26,24.0667,42.5667
20,0,19.89,45.4,19.2,45,20.5,44.29
50,10,22,41.1267,19.1,45.1267,23.7,38.3267
60,0,21.89,39.09,20.23,40.4,22.89,37.76
110,20,21.7,41.9,21.2,40.59,22.6,39.23
120,30,21.79,44.4333,20.7,43.4667,23.3961,45.7706
50,0,20.1,40.2,19,38.29,20.29,37.4
90,0,22.5,39.0933,22.29,35.79,25.5667,36.3333
50,0,22.4633,41.5267,20,44.7,23.9633,39.4667
50,0,21.29,35.29,18.3567,38.3267,20.39,36.9
60,0,20,36.9667,18.4633,37.06,20.39,35.79
30,0,21.55,42.29,20.8567,41.4667,20.29,44.2
70,0,25.6333,46.8267,26.456,41.834,26.2,44.054
120,10,21.1,36.9667,19.5333,37.03,20.7,37.59
120,0,21.5,41.1933,19.245,44.295,21.1,38.9
280,10,22.4267,42.5633,22.36,40.36,25.6667,42.86
80,10,20.7,35.29,20.4,36.0667,21.43,34.6
60,0,22.8233,38.03,19.9633,41.03,23.2,38.59
50,0,20.5,36.29,16.89,41.59,20.39,37.2
170,0,23.175,34.82,21.3567,34.5267,22.79,35
140,10,23.1,38.59,22.5,36.7,23.1,36.79
30,0,21.7,40.09,18.8233,44.23,22.7,38.6267
70,0,20.89,42.5,19.0667,45.1633,21.6,39.1633
50,0,22.3233,38.9333,21.0333,39.1267,22.6667,38.2233
340,0,19.9267,37.26,18.1,37.9,21.3933,38.9667
60,0,22.79,39.79,20.1667,43,23.29,39.59
190,0,23.29,38.25,22.6,36.4267,24.2,39.9175
70,10,21.2,39.73,18.89,43.09,22,38
150,20,24.7,37.93,24.1,36.2,24.6,36.9
60,0,21.6667,38.9333,21.29,37.6628,20.5333,40.29
60,0,24.2,39.7,22.4725,41.0675,25.76,39
110,10,20.76,35.23,19.7,33.6333,19.89,35
70,0,21.6,35.2,18.5,38.5,22.5667,34.5
50,0,22,41.2,19.29,44.5,24.4267,39.8267
100,0,22.89,43.1633,21,44.73,24.1667,39.2
210,20,21.39,38.36,19.4267,40.1267,21.7,37.2
100,0,21.8567,39.4,21.29,37.9667,22,41.7667
60,0,21.26,41.2,18.2,45.4,23.6,39.5
30,0,21.6,36.03,18.8567,38.8633,20.2,36.5
60,0,19.3567,38.79,18.675,38.2,18.6,39.7
90,0,19.29,40.6633,18.7,39.7,19.29,42.09
80,0,20.26,44.1967,19.29,41.73,20.5,41.4667
50,0,25.5,39.5,23.79,40.1633,25.812,34.054
60,0,22.26,43.4667,20.2,44.53,23.39,40.79
50,0,24.2,41.6633,25.4214,36.09,26.26,37.29
20,0,18.1,43.4,17.1,44.2,19.1667,42.09
100,0,23.73,40.1633,22.87,38.754,24.29,37.9667
100,10,20.23,42.1633,18.39,42.9333,21.29,39.23
20,0,18.79,43.7,17.89,44.1633,19.6,43.1633
60,0,21.9633,43.1633,19.7,45.23,23.1333,39.59
50,0,23.2,38.2,20.5667,40.5,23.2,38.59
370,0,21.29,38.1633,18.2,42.59,22.1,36.9
110,10,21.1,42.59,20.6,41.5,20.5,41.73
50,0,24.89,48.7667,27.4057,40.7929,25.79,45.5257
90,0,22.0667,41.8633,21.5,41.2,20.6,44.09
40,0,17.8233,40.4633,16.79,41.09,18.1,39.9667
430,30,20.2,40.9,18.39,41.4667,21.0667,40.09
60,0,21,37.59,18.5,40.2,22.6,36.79
50,0,23.2,37.2,23.73,33.4667,23.23,37.53
60,0,24.2,44.7,21.7,46.79,25.89,42.2
60,0,24.2,40.29,21.8567,41.9,25.39,39.5
40,30,21.39,42.5,19.7,42.9333,21.1667,41.29
60,0,20.89,40.7667,18.39,44.5,21.79,38.1267
50,0,23.4633,38.26,24.6333,33.9333,25,38.2
50,0,19.4633,37.6633,17.29,40,20.1,37.3633
20,0,21.89,39.7,25.0667,34.6233,23.29,37.53
50,0,22.29,42,20.1333,44.76,23.6,40
90,0,22.2,39,23.79,35.26,23.075,37.6725
60,20,22.0333,38.1267,19.79,40.4333,21.6667,36.76
90,0,21.6,39.29,20.39,39.4,21.2,39.5
40,0,21.5,42.59,20.89,41.59,23.1,43.09
50,0,20,39.45,18.6667,37.79,20.2,37.29
80,0,22.29,36.39,20.89,37,22.7,36
50,0,21.29,46.2667,20.4633,45.2,21.9878,44.2128
40,0,19.89,38.09,17.4267,40.9333,21,37.29
70,0,25.29,47.8633,27.0714,41.2,26,44.79
50,0,24.1,47.79,21.79,50.79,25.5,42.7
50,0,21.6333,36.4333,25.1,30.6333,22.6,35.09
50,0,21.76,43.53,23.79,38.09,22.1,40.7
70,20,20.5667,37.59,20.5667,35.7,20.1667,37
60,0,23.6,35,22,35.1633,23.6,35.56
50,0,23.29,34.3267,21.4633,34.59,23.29,35.9667
50,0,24.2,47.6633,21.89,50.09,26.29,44.59
60,0,20.39,35.2233,19.2,34.6633,20.06,37.96
100,0,24.4267,36.39,24.6271,34.4971,24.6,33.59
50,0,19.89,44.26,19.3233,43.6633,20.2,44.26
60,0,19.73,36.5,17.79,37.56,20.5,37.545
50,0,21.76,42.4,19.3233,43.9,22.73,39.56
50,0,24.8567,47.4667,24.5875,46.4125,26.1,43.4
50,0,24.1,47.59,21.7,49.9,26.29,44.5
110,0,19.9633,45.8633,19.29,44.6567,19.6333,44.1267
50,0,19.79,37,16.6667,41.1633,20.39,38
100,20,23.4633,41.3333,24.0967,37.8633,24.89,38.4
90,20,20.29,37.6333,18.89,36.7,19.9686,37.1529
100,0,21.7,33.4267,19.9843,32.3271,20.84,35.995
50,0,23.39,40.06,22.4633,39.6633,21.5,43.06
50,0,20.5,37.6267,17.5667,40.59,20.1,38.09
50,10,24,47.76,21.6667,50.7,25.7,43
360,20,23.5,35.06,22.5857,33.6129,24.29,35.018
50,0,24.1,47.8267,21.79,50.79,25.39,42.79
50,0,21.5,39.4333,17.9175,44.745,23.5,38.2
290,20,23.2,41.2267,22.0111,39.0872,22.4267,45.7
90,0,21.6,39.4667,21,38.4333,22.5,38.4
50,0,24.4267,38.1567,23.29,37.3633,24.6333,37.53
50,0,20.6,43.9,19.8567,43.4667,20.6,44.3633
50,0,22.5,41.4333,22.8567,38.2,23.29,39.2
80,0,17.6,36.3633,16.5,36.7,18,37.53
90,20,22.79,44.8333,21.89,40.9567,22,43.4667
60,0,22.8233,36.23,21.3567,36.4,22.89,37.56
50,0,21.7,37.4667,20,36.8267,20.76,38.4
60,0,21.79,38.7,19,42.4333,22.39,38.1267
140,20,22.6333,37.09,20.89,38.2,22.2,36.09
280,20,21.29,43.73,20.5,42.1633,23.96,43.33
50,0,18.9633,36.9,18.1667,35.6267,18.23,37.73
70,0,22.79,37.2,20.6,38.86,23.89,36.9667
240,10,21.7,46.59,20.2633,48.2967,23.73,43.4
60,0,21.7,36.9,18.89,40,21.7,36.59
20,0,19.29,40.1267,18.1,40.53,19.1,39.59
20,0,20.29,35.03,16.79,39.9,20.39,37.09
60,0,25,48,23.0286,49.5257,26.7,44.09
80,0,21.6,38.645,19.5,40.3633,23.39,36.06
100,0,21.5,39.6633,20.3567,39.6267,21.1,39.29
50,0,21.79,36.29,19.79,36.9,20.79,37.9
130,10,22.3233,43.09,21.0333,42.2,21.9206,44.515
50,0,23.23,41.59,25,36.23,24.39,38.7
580,0,21.6,34.6267,19.5,33.76,22.575,34.8725
20,0,21.1,43.9,20.26,43.59,21.7,44
90,0,22.7,36.1633,23.39,32.3633,22.89,35.6633
100,0,23.1,38.8633,21.3233,38.29,25.4633,35.23
90,0,20.9633,39.7333,23.9267,34.4,22.39,34.5
50,0,23.76,34.7,22.29,34.4333,23.6,35.4333
50,0,20,35.6267,17.7,37.4667,20.6,35.5
40,0,18.8567,40.29,17.76,40.53,19,39.8267
50,0,21.6,42.5,21,41.4,23.1,43
600,20,24.89,48.1333,28.9175,37.9475,27.1,42.44
50,0,22.6,35.2,20.1667,36.9333,23.1,36.6175
30,0,18.7,37.76,17.7,37.7,19.1,40.3267
30,0,19.5,46.09,18.7,46.09,19.89,45.29
50,0,19.76,35.4,18.9267,34.9667,20.1,35.6267
170,0,19.6,36.8633,18.3233,36.5267,19.7,36.7514
220,0,21.4633,39.4667,19.9633,38.1333,23.1333,38.49
60,0,22,39.09,19.39,41.59,22.39,38.9
110,10,20.9633,43.86,19.1333,43.2233,20.6,42.0667
80,0,25.5,50.9667,25.5286,48.3243,26.2,46.634
50,0,21,35.4,18,38.26,22,35.9
60,20,21.6,44.2,21,43.7,20.5,45.59
60,0,21.29,35.79,18.29,37.79,21.29,34.79
50,0,22,34.1633,20.0667,35.1267,20.6667,36.2
580,0,23.6333,47.2267,24.814,43.472,26.1667,40.5
380,0,22.89,46.36,21.29,46.93,24.5967,40.63
60,0,22.89,45.9,21.2,47.79,25,42.26
70,0,22,36.2,24.7,30.29,22.6,35.2
70,10,20,34.2667,18.39,35.3633,19.96,34.83
20,0,21.39,42.29,20.6,41.76,22.4817,43.6544
590,20,21.29,36.6333,19.39,35.3633,23.5667,34.5267
60,10,21.5,39.49,24.29,33.2667,22.1,37.23
70,10,22.1,42.4667,20.245,44.2725,23.8233,38.2
60,0,20.89,36.0267,20.29,34.76,21.39,35.1633
30,0,19.5,42.1333,18.9633,41.0667,21.0667,44.99
40,10,19.23,41.23,17.7,43,20.39,38.4
50,0,23.39,41.29,21,43.7,24.5,39.5
350,0,22.5,42.5267,21.2,41.1267,22.79,38.36
110,0,21.4267,36.03,19.6,37.56,22.1,34.4
50,0,19.23,38,17.5,39.79,20.5,37.5
230,20,20,40.1633,18.39,40.9,20.6,38.7
300,0,22.39,45.8,21.29,43.645,25.2,39.8267
50,0,24.2,34.4667,21.5,35.7257,24,34.79
100,0,22.1667,38.4333,20.6,38.4,21.5,38.8633
100,0,21.5333,42.4,21.125,40.72,20.5667,41.8633
40,0,20.29,36.56,18.39,37.59,21.4214,36
60,0,21.4633,41.9667,19,45.2,23.0667,39.76
90,0,19.79,35.5667,18.1,35.7233,20.1,35.79
210,0,21.5,41,19.8233,43.66,22.39,38.2
140,20,22.7,36.83,20.23,37.29,23.5,35.59
120,0,24,40.8667,28.5571,29.2971,25,37
60,0,21.7,35,19.4267,35.4333,20.39,37
70,0,24.39,46.59,24.29,44.7233,25.7,42.5
50,0,23.4633,37.76,21.68,39.036,24.7,38.29
50,0,21.89,41.79,23.3267,39.2267,23.1,38.53
50,0,21.8567,42.76,19.1,46.4,23,39.7
230,40,21,44.8267,19.5667,45.4667,21.4633,42.4667
60,10,20.79,37.7,18.89,39.8267,22,34.6633
80,0,22.1,36.1267,20,37.23,22,35.4
130,10,20.8567,34.46,20.2,33.5667,20.29,34.3633
70,0,24.8233,49.73,22.89,50.59,25.89,44.73
50,0,25.2,48.4667,23.39,49.79,26.6,44.5
100,0,22.2,36.8633,20.39,37.6267,22.0667,35.53
370,40,21.2,46.0667,20.79,44.8267,20.73,45.36
240,0,24.6667,46.9967,24.29,43.6333,25.79,42
50,20,20.5333,38.29,18,40.79,20.9633,37
90,0,22.2,39.09,23.79,35.1633,23.1,37.7
80,0,21.2,36.5,18.1,40.4,22.2,34.9333
40,0,19.5,46.23,18.7,46.1267,19.8567,45.2
30,0,20.2,35.5,17.7,37.8633,20.89,36.09
50,0,23.2,41.7,21.0286,44.3529,24.39,38.5
70,30,23,43,21.2,44.7229,24.4633,39.4
50,0,22.89,39.29,20.89,39.1267,25,35.79
80,0,20.7,33.73,19.0333,34.0667,20.1,35.178
80,0,18.5,38.7,17.39,38.4667,18.76,39.0667
30,0,21.39,48.3667,20.5,44.06,21.79,44.0087
30,0,21.5,38.5,17.89,43,22.39,37.1267
50,10,21.89,44.3267,20.6,44.29,22,44
50,0,21.815,47.425,21.3567,45.26,22.39,45.5
60,0,21.7,37.3633,18,42.9333,23.2,37.7
100,0,21.39,37,19.2,39.03,23.7,35.9
100,20,23.2,46.5,22.73,43.6633,22.6,44.9822
70,0,21.5,36.1943,20,36.4,20.5,37.3175
440,0,22.7933,37.6,21.5,34.33,22.7,34.9
50,0,21.6,40.06,21.0667,39.09,21.39,41.53
30,0,21.2,43.4,20.5667,42.7,20.6,44.29
50,0,20.89,35.6267,17.89,39.2,21,35.1267
150,10,22.2267,44.6967,22,41.03,23.0667,38.76
80,0,23.39,39.2667,24.23,35.7567,24.9267,38.26
320,20,21,44.43,20.3233,41.9,21.6,44.585
60,10,20.79,44.29,20.2,42.56,22,45.93
70,0,25.1,39.03,24.6333,37.5,25.39,37.23
50,0,22.1667,41.5,19.6,44.23,24.29,39.59
300,0,23.2,48.7967,22.0667,46.7233,24.3267,44.3333
80,20,21.1,44.6667,19.39,42.3267,20.625,41.6175
50,0,21.89,36.4,24.8233,30.23,22.6,35.2
30,0,21.29,37.1267,18.39,40.1267,21.5,36.59
80,30,19.6,38.73,18.39,39.93,19.79,37.5
70,10,19.73,41.3333,18.1333,39.1933,20.29,37.2
90,0,23.6,41.1333,22.54,40.358,24.29,38.4667
110,0,21.23,39.99,19.7,39.3175,22.2,40
200,0,22.39,41.1333,20.2,43.79,24.5,39.0667
80,0,22.5,32.1933,25.5,25.3933,22.5333,32.3267
50,0,23.6,37.7,21.5,39.2,24.7,38.29
110,0,24.2,33.56,23.7,30.5667,23.6,34.3267
60,0,19,38.7,18.2,38.29,18.7,40
50,0,21.6,37.5,20,36.9,20.7,38.5
40,0,21.23,36.59,19.89,36.76,20.7,36.9333
70,0,24.79,47.1633,23.854,48.22,26.0571,43.4
40,0,19.79,43.79,19.15,43.345,20,44.7
70,0,21.89,39.9667,20.39,40.23,24.0667,36.8633
20,0,19.7,46.2,19.1,45.4,19.9633,45
470,0,20.1,37.5667,18.3233,39.5,21.9933,35.1
60,0,20.1333,37.1633,18.1,39.59,21.9267,34.1633
40,0,20.5,44.26,19.79,43.7,20,43.3267
50,0,19.79,44.1633,19.1667,43.9333,20.1,44.2
40,0,20.29,38.49,18.2,39.8333,20.7,39.6633
50,0,18.89,44.2,18.29,44,19.89,45.09
20,0,19.79,37.2,19,36.73,18.6,38.23
100,0,21.9267,35.93,20.025,36.4,21.625,34.7225
20,0,19.1,42.09,18.5,41.29,19.29,43.1267
90,0,24.7,52.1633,24.1,51.23,26.39,45.59
50,0,23.89,35.06,20.9686,37.0257,24.1286,35.3214
60,10,22.7,41.345,20.89,42.7,23.39,39.73
50,0,21.29,39.5,18.7,43,22.39,39
50,0,20.5,38.1633,18.6,38.9167,20.6,37.9
100,0,22,47.0933,22.26,43.1233,23.1,38.9
80,0,23,40.9567,20.39,43.9,24.3567,39.1333
40,0,19.89,35.73,18,36.9667,20.29,34.7
50,0,22.89,41.53,20.1333,45.2,24.6,38.7
110,0,23.1,38.96,20.8233,38.6333,23.6667,33.79
140,10,21.4633,40.6633,18.79,44.9667,22.39,37.79
50,0,19.23,46.8267,18.5,46.7,19.79,45.29
40,0,19.7,45.09,18.89,44.59,20.39,44
120,0,20.79,40.93,17.79,44.7,23,39.4333
80,0,21.29,42.26,21.26,39.1333,22.1,37.8267
100,0,22.1,35.9333,19.89,37.2,22.5,33.8633
60,0,21.5,37.4333,18.39,41.6267,22.2,37
50,0,22,41.5,20.79,42.09,23.39,38.29
40,0,22.79,39.4667,21,40.93,22.1667,38.4
60,0,23.1,38.2,22.89,36.29,22.73,38.1633
70,0,20.7,33.76,19.1,34.06,20.1,35.2
50,0,22.29,41.79,19.89,44.1633,24.5667,40
50,30,23.1667,45.09,22.23,44.09,23.29,45.1633
110,0,22.8233,38.36,21.79,35.8633,24.4633,34.76
40,0,20.0333,45.23,19.2,44.8633,20.5,44.4
70,20,21.9633,44.6267,21.39,42.79,21.6062,45.4062
560,0,21.1667,33.8333,19.9267,31.5333,22.2933,36.8
100,10,22.89,46.4,21.89,45.4667,21.89,46.79
180,20,18.5333,43.4,18.025,42.1175,19.29,42.4
60,0,21,41,18.2,45.1267,23.1,39.9
680,0,20.29,39.3333,19.6,38.36,20.5333,40.3267
120,0,21.6667,42.59,21.15,41.1,24.3567,42.4667
280,10,20.6667,40.2667,19.6,40.0267,21.26,45.3967
70,10,23.8233,34.59,22.5,33.9667,23.6,35.29
30,0,21,39.09,18.5,43.1267,21.8233,37.4333
20,0,20.1,45.1633,19.29,44.59,20.5,44.23
50,0,21,39.3267,18.6333,43,21.79,37.4
80,0,21.79,38.53,19.79,41.36,22.79,37.2
60,0,22.1,41.5,21.2,40.59,21.5,42.59
270,0,20.9267,40.3633,19.5,38.6267,22.26,39.4667
120,10,19,38.9667,17.6,39.7233,18.73,38.7
590,20,21.1,43.8267,20.6,41.7,21.8567,47.73
100,20,23.2,45.1,22.6333,43.1267,22.5,44.6022
120,0,21.6,42.6633,21.0667,41.29,24.5333,42.7667
70,30,21.73,38.29,20.1,38.9333,20.9633,38.4
450,10,23.3233,49.7567,22.29,46.2333,26.6333,40.73
70,0,22.2,42.53,21.6333,41.5667,21.1,44.4633
20,0,18.89,44.79,18.2,44.7,20,45
60,10,19.5,39.5967,16.7,42.8333,20,37.09
110,10,24.6814,47.0657,25.1,42.7143,26.371,41.8619
220,10,22,38.6567,21.1,37.6267,22.5,37.4
60,0,21.3567,35.9,18.39,38.8267,20,36.23
120,0,22.8233,36.53,22.6,34.56,27.4633,38.1933
110,30,23,44.2,22.39,42.59,22.39,44.3878
50,0,23,36.09,20.7,37.9,23.89,37.2
60,0,21.29,37.2,18.3233,40.7,22.2,37.4
100,0,21.1,39.29,21.26,36.7,21.8233,38.5967
40,0,20.1,37.2,17.0667,40.5,20.1,37.9
70,30,20.8567,53.66,20.2,47.0567,20.2,48.4475
90,0,21.5333,45.3333,21.0667,43.0267,22.29,40.0225
140,0,26,39.0267,25.1,37.3633,27.6,33.67
160,10,19.89,37.9,19.6,37.2,19,39.53
40,0,21.89,44.53,20.39,46.1267,23,41.7
70,0,21.89,39.4667,21,38.79,21,41.29
30,0,19.2,40.9333,18.5,40,19.29,42.5
50,0,21.89,39.09,20.43,40.3267,22.89,37.7
50,0,21.5,44,20.1,44.7,22.1,44
40,0,23.1,38.2,20.3233,40.7,23.1667,38.59
30,0,22,45.26,21.7,43.79,22,44.59
30,0,23.2,46.9667,23.39,44.156,24.6,41.8633
40,0,19,41.2,18.39,40.4,19.26,42.7
40,0,20.5,35.09,18.5333,35.79,20.79,36.53
50,0,21.79,35.53,18.8233,37.53,22.2,35.79
50,0,22.1667,39.7,21.2,39.29,21.29,43.59
180,20,22.79,37.8333,21.2,37,22.7,36.9
50,0,18.39,43.09,17.4267,43.8267,19.1,42.3633
50,0,22.89,46,21.0667,48.1333,25.1,42.23
50,0,22.29,39.2,19.7,41.9333,22.7,38.7
100,20,20.6,36.7,19.2,36.59,20.79,36.9667
360,0,24,38.5933,28.6,28.896,25,36.86
110,0,22.2,38.2,20.6,38.4,21.5,38.79
70,30,20.5,37.3633,20.5,35.7,20.1667,37.06
130,30,22.7,36.03,20.29,36.93,23.3233,35.59
70,0,22.5,41.4,22.89,38.2,23.29,39.2
60,0,22.5,41.3267,22.89,38.1267,23.29,39.2
40,0,21.29,43.9,20.7,42.3267,21.89,45.59
40,0,18.8567,39.5,16.89,41.23,19.89,37.5
40,20,21.79,34.9975,19.4267,37.09,21.23,35.2
20,0,23,41.09,21.0125,42.1313,24.7,39.73
80,0,21.3567,36.56,19.2,38.5,21.29,35.23
80,20,21.9633,38.7,18.39,42.6633,22.4633,37.76
70,0,19.89,42.1267,19.29,40.6267,20.79,41.9
50,0,21.2,37.4,18.6,39.76,22.6,36.7
60,0,24.89,48,24.8186,46,26,43.8862
310,0,26.26,41.6233,25.7633,37.39,28.7,36.254
100,10,22.89,49.5267,22.5667,44.26,22.29,46.9667
80,0,20,34.26,18.6333,34.9333,19.7386,36.2
30,0,22.4175,37.4,19.5,40.4667,22.2,36.6633
280,20,20.89,38.0667,19.89,37.8,23.07,42.65
100,0,24.1,33.59,23.5667,31.5667,23.6,34.6267
40,10,22.7,39.53,21,40.9333,22.2,38.4
130,20,19.5,36.79,17.23,39.8633,19.79,36.59
50,0,21.73,35.59,18.79,37.59,22.2,35.73
100,0,21.4633,33.6633,20,33.9333,20.12,35.572
80,0,21.39,38.8,18.6333,42.23,22.39,39.2
90,0,25.5,49.8333,25.1,47.2,26.31,45.834
90,0,20.89,35,19.4633,35.09,21.1,33.9333
50,10,19.7,32.9,18.6333,33.23,19.2,32.79
60,0,22.5,41,19.39,45.73,24.1,38.8633
90,0,20.6,37.7,19.5667,38.09,19.79,37.59
50,0,21.29,38.29,18.6,41.79,22.79,38.29
60,0,21.6333,35.99,21.5,33.26,21.39,34.2
60,0,20.2,36.59,18.29,37.29,20.4633,37.26
90,30,23.1,44.59,22.6667,43.1267,21.8233,44.86
60,20,22.29,42,21.5,40.9333,21.7,43.09
40,0,18,40.29,16.89,40.79,18.2,39.79
110,0,20.6,36.9475,19.7,34.1333,19.89,35.9267
420,10,25.5,46.99,25.414,43.036,26.89,41.29
50,0,21.6,37.26,19.4633,37.8267,22.5,36.06
110,10,23.5,40.0267,20.76,43.3633,24.0333,37.6567
230,10,23.5,45.6633,22.89,42.29,24.9633,46.1333
100,10,21.5,40.7667,23.26,37.4267,22.39,38.4
40,0,20.29,38.5,18.2,40.2,20.7,39.59
410,20,16.79,45.29,16.1,45.3633,17.2,42.59
50,0,21.39,35.7233,18.3233,37.7,21.39,34.8267
60,0,20.5667,42.26,19.79,40.09,21,40.3267
120,30,21.73,38.8933,19.7,36.8267,21,36.7233
110,0,22.2,39.03,23.79,35.09,23.0333,37.6267
20,0,21.5,44,20.0333,44.6267,22.1,43.9
40,20,21.5,41.2,19.1,45.2,21,39.09
90,0,21.3233,43.5267,21.0667,41.03,21.6222,44.4222
100,10,22.0333,38.6333,20.23,38.29,21.39,38.7
60,0,21.2,43.79,20.6,42.29,21.79,45.59
40,0,22.23,42.1267,24.3233,37.26,23.1667,39.1633
40,0,21.0333,38.3267,18.5,40.66,20.29,38
80,0,23.4267,38.1267,22.2,36.58,24.39,35.7
50,0,25.2,39.7,23.1,41.03,25.8614,34.5
100,20,22.8567,31.8267,21,32,21.6,33.6267
50,0,21.29,38.3633,18.7,41.1333,23.29,36.1633
50,10,21.5,37.6333,19.6,38.53,20.6,38.59
30,0,19.6,41.09,18.1333,41.7,19.79,40.59
70,0,24.2,41.76,25.7914,35.34,26.5,37.53
30,0,18.26,39.1633,17.2,39.59,18.39,39.5
60,0,20.79,36.9,17.4267,41,20.7,37.53
60,0,22.29,39.1633,22.9633,36.5,22.29,38
50,0,17.89,44.5,17.1,44.8267,19,42.26
340,0,22.2,38.4,20,39.9,23,36.7
80,10,21.76,42.1633,20.29,43.53,23.9633,38.43
70,0,20.8567,36.29,19.29,36.53,21.29,35.43
100,0,21.79,35.2,19.2,37.5,20.7,36.4
50,0,23.6667,35,22,35.03,23.6,35.5
130,0,22.5,37.1175,21.89,34.9333,25.1333,35.53
100,0,23.5,36.1667,22.7,33.36,24.16,34.856
50,0,21.79,40,19.6,42.6267,22.89,37.79
70,0,24.7,38.56,22,40.6313,24.5,32.8267
90,20,21.23,39.59,19.1667,41.9333,22.26,37.59
50,0,22.2,39.53,20.23,41.7,22,38.2
30,0,21.89,44.5,20.4267,46,23.1,41.79
60,0,19.8233,46.06,19.2,44.8633,19.7,44.59
50,0,20.1,42.7,19.6,40.79,21,41.79
140,0,23.7,39.93,22.4267,38.6933,23.89,39.2667
90,30,22.39,47.1933,22.1,44.53,22.1,46.356
130,20,21.5,41.29,20,43.1267,24.2,39.89
40,0,18.6,43.29,17.6333,44.03,19.4267,42.7
110,10,25.6,42.7,25.6,38.79,26.6,38.656
390,10,22.4967,43.1933,21.5594,38.9033,21.1933,43.7233
50,0,20.79,42,19.89,41.7,20.79,44.59
50,0,22.2,35.7,19.29,38.1267,23.29,37.2
50,0,22.175,37.7,23.7,33.5,22.79,36.06
70,0,23.0667,47,22.79,45.59,24.5,41.79
80,0,21.6,35.2,18.5333,38.3633,22.5333,34.5
50,0,21.7,41.5,20.89,40.5,21.5,42.5
310,0,22.8233,41.2267,22.5,38.06,23.2,38.29
30,0,19.8567,37.7,16.5,42.4,20.2,37.29
470,0,21.89,45.9667,21.89,44.49,24.1333,42.6
50,0,20.2,36.9,17.3567,40.09,20.1667,37.09
260,0,20.29,38.6633,18.1667,40.2,20.6,39.1633
50,0,22.2,39.09,19.7,41.4,22.2,38.7
30,0,21.5,45.9,20.9633,43.9,22.6,45.09
50,0,20.79,43.59,19.5,44.7,21.8614,42.2257
80,0,21.0429,39.1571,20.29,37.5643,20.79,38.2771
50,30,20.6,36.9,17.5,40.5667,21.6,34.9333
70,0,23.7,37.8267,24.5,34.29,25.1,38.03
80,0,22.89,45.03,20.79,47,24.6,40.45
60,0,23,39.7,20.5667,41.5,25.2643,37.59
90,0,19.7,36.29,17.6,38.56,20.26,35.76
100,10,20.76,40.8267,19.5667,41.36,21.1333,39.5
70,0,21.89,40.26,20.5,40.29,24.2,37.06
40,0,23.89,40.03,25.29,34.4,24.39,37.6686
90,0,21,39.73,18.39,43.4,22.29,39.09
80,10,22.5667,45.79,22.1333,43.26,23.26,47.0633
50,0,21.2,37.59,18.2,39.9667,21.8567,36.26
40,0,19.1,38.9,17.39,40.8267,20.6,38.09
50,0,23.89,35,21.0429,36.8057,24.1,35.3371
60,0,21.1,39.7,20.4267,39.9,21.89,37.5
70,0,21.4267,45.5667,21.1,42.9333,22.29,40.09
50,0,22.39,35.5,19.6,37.76,23.23,37.1267
70,0,23,40.8267,20.5,43.9667,24,38.2
50,0,19.79,36.79,16.79,40.7,20.29,37.4667
40,0,20.1,45.2,19.29,44.7,20.5,44.23
80,0,22.5667,41.5,21.5333,41.9667,23,39.2
20,0,19.2,36.9,16.89,39.5,19.7,38.59
120,0,22.0333,36.93,20,38.2233,22.2,35.29
40,0,22.79,38.6267,20.5,40.9333,22.1,37.59
100,20,21.5,46.86,20.745,44.79,21.6,43.2
40,0,22,36.5771,20.1143,37.2,20.7643,37.9
240,0,21.6,39.11,20,37.42,20.6,37.4114
70,0,21.1,50.99,20.5,45.7567,21.39,44.0667
80,0,22.1667,41.36,21.2,40.1933,22.6557,40.9071
110,0,21.3567,42.4,20.96,41.2,20.5333,41.79
60,0,21,41.59,20.39,40,22.4267,43.03
90,0,23.5,39.3633,24.176,37.32,25,37.79
130,0,24.4491,53.1812,23.4225,52.7248,27.3688,46.7791
60,0,22.29,43.3267,21.4633,42.09,22.6,44
50,0,19.0667,34.9,18.39,34.4633,19.29,35.3633
80,20,21.89,42.1267,19.39,46.2,23.5333,38.4667
80,10,20.79,37.7,19.2,39.4333,22,34.79
100,0,22.5,45.8633,21.6667,43.59,25.5333,40.59
50,0,22.0667,40.93,18.79,46.26,24.1,39.26
60,10,24.39,44.56,23.2,43.754,26.73,39.23
40,0,19.6,41.23,18.29,41.59,19.79,40.7
690,20,21.39,39.59,20.86,39.56,23,37.1633
120,0,21.0333,34.4667,20.1,32.59,21.5,34.8633
70,10,22.73,27.7333,21.9267,25.7633,22.39,34.76
30,0,21.6333,39.8267,20.73,39.5,20.5,41.9667
50,0,22.89,33,22.79,30.29,22.39,35.79
40,0,21.7,38.5,19.5,40.8267,22.23,37.3267
70,0,24,45.06,21.6,47.79,25.39,41.2
50,0,24.7,47.5,23.39,48.2,26.58,41.92
70,10,21.1,45.1567,20.4267,43.26,22.9572,45.3439
50,0,22.4633,39.09,20.0333,41.4,22.5,38.29
40,0,19.7,46.09,19,45.5,19.89,45.1267
60,30,22.89,45.4,22,44.4667,23.23,45.23
70,0,25.39,48.9,24.478,47.812,26.06,45.29
50,0,20.39,35.4,17.89,37.09,20.6,38.4333
90,0,20.73,45.6933,19.1333,42.23,20.6,41.23
260,0,23.6333,40.49,22,39.36,23.79,39.09
50,0,21.39,35.7,18.3233,38.2,22.39,35.9333
80,0,17.6,36.29,16.5667,36.59,18,37.4333
20,0,20.79,39,18.9267,39.93,21.29,38.4333
50,0,24.5,38.5,23.39,37.29,26.29,38.1267
40,0,21,43.4,19.7,44.29,21.89,42.09
30,0,19.5667,37.2,17.2,39.79,20.1,38.8
60,0,25,47.9,23.254,49.09,26.52,45
50,0,17.6,43,16.89,42.7,18.39,43.7
100,0,22.1,42.4333,20.5,44.1267,23.29,39.29
90,30,19.5,35.79,17.5667,36.4333,19.6,36.59
70,20,21.8567,38.6633,18.39,42.76,22.4267,37.73
40,0,20.815,37.6175,18.815,38.9,20.79,39.09
130,0,22.1667,43.93,21.6,42.59,21.5,44.9
50,0,19.39,42.09,18.79,41.29,20.5,44.1633
60,0,23,34.9667,23.39,31.6667,23.0333,35.3267
60,0,20.2,37.03,17.9633,39.53,22.55,34.145
170,0,20.6,41.23,19.0667,41.0267,21.89,39.29
50,0,20.79,37.73,19.39,37.53,21.3567,37.09
60,10,23.29,40.79,21.6,41.4,24.736,39.312
50,0,20,43.7,19,44.03,20.2,44.4
60,0,20.9633,37.5667,18.1,40.8267,21.6,36.9333
50,0,22.1,41.5,19.6,44.29,24.29,39.59
50,0,23,42.9633,20.89,45,24.6,39.5
110,0,22.9633,40.1633,21.3567,40.9333,22.8233,38.9633
100,10,20.7675,42.7675,19.4633,42.6333,20.5,41.6267
40,10,18.2,39.59,17.2,38.93,18.5,39.9
40,10,21.39,39.2,19.7,39.4,21.29,38.03
60,30,22.1,40.1267,19.4267,43.7667,23.29,37.7
60,0,21.2,38.56,18.5,42.73,22.6,37.79
60,10,21.2,44.93,20.6,41.5667,21.39,43.26
60,0,24.5,46.6633,24.39,44.53,25.7,42.3633
90,0,20.9686,37.78,19.6857,37.2643,22.39,36.59
40,10,20.6667,36.4,17.1,40.2,21.7,34.5
80,0,23.2,42.8633,22.6,41.8633,21.79,44.7
380,0,21.2,38.59,18.5,42.9633,21.9267,36.9
50,10,22.2675,38.1725,26.1333,30.9667,23.1,35.4
110,0,24.7,52.7,23.89,51.9333,26.7,45.2
60,0,23.23,35.79,21.1,37.1633,23.8233,36.9333
70,20,21.5,36.53,18.6333,39.53,22.8233,34.3267
30,0,21,33.5225,19.6,34,20.2,34.4
80,10,23.3567,35,22,34.0257,23.9214,33.0714
60,0,19.89,42.79,19.2,42.3267,19.79,44.26
60,0,24.5218,52.0626,23.6964,51.0446,27.2074,45.8918
250,0,22.5,38.3633,23,34.86,26.3567,40.26
50,0,24.2,44.7,21.79,46.73,25.89,42.29
50,0,20.1,37.2,17.29,40.5,20.76,37.7
80,0,22.6,41.1567,21.2,42.3633,23,39.23
60,0,19.79,41.06,17.9267,41.9,20.29,40.7
50,0,21.29,41.23,21.5333,40.1333,22.29,38.4
60,0,21.075,37.245,19.9529,37.2257,20.2112,37.9125
70,0,20.3233,40.6933,19.5333,39.9,20.5,39
100,10,23,49.8333,22.6,44.1267,22.29,46.6933
60,0,22.6,44.09,20.2,47.09,24.7,40.79
50,0,23.2,41.7,20.89,44.4,24.39,38.4
60,0,20.1,39.03,18,40.36,20.6,38.7
70,0,20.6,36.43,19.86,37.1,21.4267,34.4333
60,0,25.0667,39.9333,28.2,31.89,26.1,38.5643
40,0,20.7,43.59,19.39,44.6267,21.89,42.2
60,0,22.6333,37.7,21.7,37.59,22.89,38
60,10,20.29,38.0967,18.2,39.6267,20.7,39.73
60,20,21.73,47.8633,20.8233,46.1633,22.39,45.03
80,0,19.2,41.79,18.7,41.29,18,43.79
40,0,23.2,45.03,21.6125,46.3175,24.79,41.9333
50,0,22.1,40.9,18.89,46.26,24.1,39.2
60,0,21.39,37.2,18.8233,39,22.6,36.4667
50,0,21.2,41.4,18.39,44.7,23.1,39.59
40,0,20.0667,36.1633,18.2,37.4,20.2,38.2
50,0,25.2,43.2,23.89,43.4333,26.79,39.9143
30,0,20.89,39.4,19,42.4,21.79,37.4
60,30,20.2,39.29,18.39,39.9333,20.7,38.59
130,0,22.3233,46.09,20.2,49.26,25.2,40.53
50,0,21.29,38.95,18.89,42.4,22.1,37.29
80,0,24.5,37.6933,24.26,34.56,25.2,37.714
60,0,22,42.4,19.79,45.59,23.7,40.2
110,0,25.6333,30.79,26.5333,27.8567,25.2,36
60,0,20.89,42.09,19.1,44.7,21.6,39.09
70,0,20.26,51.1,19.6333,49.0967,20.4267,45.6567
250,30,21,43.5667,20.5,41.56,22.26,46.0933
100,0,21.7129,36.9857,20.3471,37.3371,21.0625,37.2338
70,20,22.6333,41.9333,20.5,43.43,25.39,40.59
40,0,20.29,42.4,19.39,42,20.945,44.29
70,0,23.6,44.6633,23.2,42.5,24.6667,40.76
40,0,21.6,45.09,20.7,44.5,22.4144,44.8489
70,0,24.5,36.59,22.6,37.2214,24.2,32.1633
50,0,20.1333,37.7,18.6,38.26,20.5,36.7
70,0,20.1,36.6267,18.1,37.7,22,37.9267
120,0,22.6,32.26,21.6,30.5667,24.0333,36.5667
40,0,21.79,34.53,20,35.03,21.2,35
50,0,22.6,45.79,21.6333,45.1267,23.29,45.59
40,10,17.79,37.7,16.79,37.03,18.1333,38.79
350,30,20.2,38.29,18.29,39.53,20.39,38.2
110,20,22.6,41.99,20.89,41.36,22.79,39.2667
110,30,21.7,44.1567,20.23,44.73,21.79,42.7
40,0,19.29,41.29,18.1,41.56,19.6,40.59
230,0,22,36.59,20.5,37.6267,22.9633,36.8633
30,10,19.5,39.06,16.7,42,19.89,37.09
40,0,20.1,44.7,19.5,44.09,19.7,43.9333
80,0,21.26,35.56,20,35.8633,20.14,36.554
60,0,22.26,41.29,21.39,40.4,21.5,42.7
40,0,22.1,44.4,21.2,43.53,21.89,44.29
50,0,20.39,36.79,18.6,37.9,21.6,36.09
50,0,22.2,35.1633,19.39,37,22.2,35.7
50,0,20.89,39.4,18.89,42.5,21.79,37.4
50,0,19.89,36.9,16.9633,40.59,20.23,37.23
50,0,20.39,40.23,18.6,41.5,21.39,40.76
50,0,21.05,39.045,19.5667,40.5,21.8567,37.26
40,0,20.5667,37.2,17.79,40,21,37.73
60,0,21.0857,37.47,19.89,37.27,20.2,38
60,0,23.1,41,20.5333,43.7,24.5,39.29
90,10,22.1,40.95,21.5667,39.79,21.23,42.9
60,0,22.1333,39.4,19.7,42.29,23.2,39.79
90,0,23.7,30.6633,23.5,27.96,23.29,34.76
100,10,22.4633,47.7633,21.73,39.6333,22,42.53
70,0,23.26,41.9667,21.4529,44.0243,24.3233,38.59
30,0,21.29,36.09,19.29,37.29,20.89,38.29
50,0,20.6,38.03,19.1667,37.7,21.79,36.79
60,0,22.2,35.29,18.8567,38.59,23.29,34.6633
170,20,22.89,43.4,21.912,43.816,24.39,39.4
430,20,23.29,45.6267,22.79,42.4667,24.29,45.7667
90,0,22.2,39.4667,21.89,36.56,22.39,36.8267
30,0,22.29,39.59,20.39,41.29,23.26,37.76
330,0,21.2,40.73,19.3233,43.3933,22,38.06
50,0,20.9267,43.2,19.89,43.29,20.39,44.29
40,0,22.2,37.2,22.3233,35.4,22.1333,36.4
290,0,26.1,41.7,26.29,38.09,29.16,37.656
50,0,22.1,41.6267,21.5333,41.06,23.5,38.1267
40,0,22.6,36.2,20.2,38.56,21.8567,35.9667
40,0,21.2,39.59,18.5333,43.2,22.39,39
50,0,23,40.9667,22.3667,42.1933,24.29,38.4333
60,0,21.7,38.79,18.89,42.59,22.39,38.23
100,0,21.1,35.6633,19.3233,36.9667,20.29,35.3633
50,10,21.7,39.7233,18.89,43.7667,22.89,39.0267
30,0,20.39,40.09,18.76,41.56,20.7,38.79
50,0,20.6,43.9,19.79,43.4667,20.6,44.29
80,0,19.79,34.53,17.39,35.5667,20.272,36.878
60,0,19.23,46.1267,19,45.045,19.7,44.7
60,0,21.1,39,18.5,42.9,21.79,37.4
70,20,20.79,37.7,18.89,39.7,22,34.7
100,0,24.89,50.06,23.1,50.59,25.89,44.9333
50,0,24.79,47.29,23,49.09,26.6,43.5
100,0,21.39,36.8333,19.1,38.89,22.79,34.53
430,0,19.1,34.8333,18.89,33.59,19.46,35.9933
70,20,24.7675,48.09,28.2633,40.3933,28.216,43.918
340,0,22.2,45,21.7,42.53,21.79,43.9661
50,0,22.1333,37.03,21.5,36.2,22.1,36.4
80,20,21.7,41.23,21.1,40.4,22.6,38.76
50,0,20.5,35.2,17.2,39.7,20.39,37
60,0,22.89,43.2,22.23,42.59,21.7,44.9
90,0,18.3233,45.43,18,44.1333,17.5667,43.9667
50,0,20.5,37,19.29,37.59,20,37.4333
80,0,22.6,37.26,20.5,39.43,22.79,37.03
70,0,20.79,38.4,18.9267,40.1633,21.89,35.4
90,0,21.39,39.1633,21.5667,39.1933,21.89,37.5
60,0,20.7,35.9333,20.7,34.1267,20.2,36.26
40,0,20.5,35.2,19,35.09,20.79,35.6333
110,20,22.29,40.3333,21,38.03,22.39,37
50,0,21,37.7,18.29,40.4667,22.6,36.9
100,10,23,41.9333,21.7,43.2,23.1,39.5
50,0,22,38.09,20.2,39.3333,22.39,37.4333
60,50,19.89,45.7667,19.2,44.5,19.79,44.9
90,0,22.075,40.045,21.3,38.9233,21.0333,41.7233
50,0,23.9039,40.3713,22.8356,40.2948,24.946,38.437
40,0,21.39,37.4,18.8567,39.7,21.39,37.4333
60,0,19.29,38.79,18.6,38.2,18.7,39.79
60,0,22.5,37.79,19.39,41.9,23.39,38.9
50,0,21,40.29,18.23,44.7667,22.29,38.53
60,20,19.2,44.06,18.6,43.1567,19.39,43.6267
30,0,22,35.1633,18.5,38.9667,23.2,34.59
50,0,23.2,37.09,23.6667,33.56,23.2,37.5
80,10,21.79,42.23,19.2,45.7667,23,39.4333
140,0,22.5,40.26,20.5333,40.29,22.6,38.59
50,0,21.6,36.5,24.8233,31.26,22.5333,34.9333
120,30,21.39,43.09,21.1,41.4667,20.79,42.1633
110,0,22.39,48.3633,21.8567,41.26,22.5,42.0267
100,0,20.6,42.29,20,40.5,21,41.2
50,0,20.79,40.3633,17.7,45.2,23,39.7
80,0,24.8764,46.6097,25.0315,42.8534,26.4203,41.5664
80,0,19.7,36.29,17.79,38.29,20.2,35.8633
50,0,20.79,43.5,19.5,44.59,21.79,42.2
50,0,21.7,39.09,22.3233,36.4,22.2,37
190,30,21.1333,36.9,19.7,37.29,20.76,37.3267
60,0,24.1961,38.7187,23.2594,37.4052,24.894,37.463
100,0,19.6967,42.7233,18.2925,42.27,19.53,40.1333
110,0,22.1,36.03,20.1,37.2967,22.7,34.5
50,10,19.79,39.1,18.89,38.36,20.2,37.1633
50,0,20.1,42.7,19.6,40.8267,21,41.7
50,0,24,39.9,25.14,34.518,24.4529,37.6529
50,0,21.7,44.59,20.0333,46.73,23.1,41.79
40,10,21.1,39.09,19.2225,39.2,21.2,38.2
60,0,21.6,41.4,20.79,40.5,21.39,42.53
60,0,21,36.2,18.2,39.4,22.1,36.7
60,10,21.39,40.43,18.79,44.8267,22.39,37.73
370,0,22.1,39.1667,21.79,37.3333,22.3233,38.73
40,10,21.2,36.195,18.1,39.2267,22.39,35.89
70,0,25.29,48.7,24.2,48.09,26.1429,45.0771
20,0,20.1,40.3633,19.0667,38.4667,20.3233,37.26
80,0,23.7,33.23,22.6667,31.29,23.1667,35.06
90,0,22.2,44.06,20.23,46.1267,24.5667,40.9233
60,0,23.7,42.9,22.06,43.054,24.39,39.8633
50,0,21.1,41.29,18.2,44.59,23.1,39.59
90,0,22.1,42.425,20.5,44.09,23.29,39.29
50,0,24,44.9,22.29,45.5,26.7,40.4
120,0,22.1,38.6633,20.1,39.4,22.39,37.53
770,20,20.2,40.5,19.29,40.4333,20.5,39.1567
270,0,23.1,39.0267,22.4633,38.03,23.3267,41.4
110,0,22.6333,32.7233,23,30.23,22.29,35.5667
50,0,20.39,36.09,16.79,41.6633,20.5,37.2
60,0,22.89,34.59,20.39,36.0675,23.4267,36.79
60,0,22.6,39.4,19.6,44.03,23.3233,39.5
60,0,20.89,36,18.1,39.1267,21,35.4
100,30,22.8233,31.9267,20.9933,32.2967,21.7,33.6267
60,0,20.7,39,18.79,40.09,21.23,38.5
60,10,22.7,36.29,20.3567,38.73,22.1,35.9
50,0,21.1,38.09,18.1667,42.29,21.79,36.59
60,20,20.1,38.3633,17.89,39.79,20.1,38.9
40,0,20.1,43.73,19.1364,42.65,19.89,44.7
60,0,21.7,48.6633,21,46.23,22.23,46.6567
540,20,19.7,35.43,18.29,36.03,19.6571,36.2514
50,0,21.8567,38.79,22.2,36.29,22.2,36.9
50,0,19.89,36.8267,16.5,41.56,20.29,37.56
260,0,22.5,38.4,22.9267,35.1333,26.23,40.1267
40,0,21.9633,42.29,21,41.73,21.4267,43.4333
120,0,23.5,39,21.7,39.3,23.6,38.53
60,10,21.4267,38.79,21.1111,38.02,20.6,40.2
50,0,23.7,34.7,22.23,34.56,23.6,35.5
80,0,20.29,43.7,19.89,43.09,19.89,44.1633
70,0,23.5,44.29,22.8186,42.9,24.39,40.6267
40,0,21.29,45.5267,20.5,43.59,21.79,44.2
60,0,24.7,48.9333,22.5,50.59,26.0667,45.29
90,0,22.2,44.9,21.29,44.79,22.76,42.09
100,0,22.79,45.2667,20.79,45.8,24.6,40.3267
60,0,21.7,35.7725,19.7,36.2333,21.26,35.8333
210,0,20.89,40.7,18.39,44.2233,21.79,38.2
100,0,21.2,40.6933,20.0667,41.4333,21.9633,37.93
80,0,20.89,45.09,19.6333,45.53,21.5,42.5
70,20,24.5,44.59,23.5,43.334,26.7,38.59
40,10,21.5,35.5,18.6,37.5,21.39,34.9
230,20,22.29,46.6333,21.39,45.7233,21.89,45.3633
30,0,20.0667,43.8633,19.1333,42.8633,19.89,44.76
50,0,20.89,43.7225,20.3233,41.2,20.8567,42.2
60,0,20.8233,43.09,19.79,43.2,20.39,44.4
40,0,18.0333,43.4333,17.1,44.2,19.1,41.9333
60,0,21.1,40.4,19.73,41.7233,21.79,38
60,0,24.29,46.9975,24.0667,45.7,25.7,42.5225
70,0,20.7,33.79,19.1,34.1267,20.1,35.1529
300,0,22.79,41.7333,22.4267,40.0267,25.93,40.86
50,0,23.1,45.4,21.39,46.9667,24.89,42.2
110,0,19,35.5,17.0333,37,19.39,35.53
90,0,22.6667,35.4667,20.29,36.8633,23.1,35.5
40,0,21.6,38.5,18,43.09,22.39,37.29
60,10,22.6,43.2233,21.5333,43.2233,25.4267,37.56
130,20,23.5,34.9333,22.9371,32.97,24.29,34.876
50,10,20.2,41.1267,18.39,41.9333,20.2,41.2
50,0,20.5,34.93,18.79,35.26,19.956,36.754
80,0,24.2,35.36,23.89,30.2,23.6,34.03
80,20,22.9267,42.9333,21.02,45,24.39,39.4
120,10,16.89,44.29,16.2,44.29,17.39,42.1267
40,0,19.1,37.7,17.0333,40,20.2,37.59
90,0,22.39,42.9333,22.2,41.4,22.6,40.79
80,0,22.89,43.1567,21.5714,44.35,24.39,39.4
60,0,24.23,47.03,24,45.9,25.6333,42.59
60,0,20.89,39.29,18.2,43.29,22,36.6267
40,0,24.79,47,22.6,49.572,26.1,43.5
420,10,16.79,45.2667,16.1,45.3267,17.2,42.53
70,20,21.39,43.4,19.89,43.9,21.39,42.2
60,0,22.89,37.6633,24.29,32.8633,23.2,37.5
50,0,19.39,37.03,17.1,39.7,19.79,39.06
250,0,21.29,36.43,19.245,38.745,21.29,35.2
60,0,24.2,41.59,25.5,36.018,26.29,37.4333
30,0,18.89,37.9,16.8567,40.09,20.29,37.9333
60,0,22.5,39.09,23.7,35.7,23.1,37.9667
60,0,21.29,39.1633,18.4267,43.4,22.2,37.8633
80,0,22.7,39.29,21.79,38.06,24.1,36.79
50,0,22.2,35.59,19.29,38.03,23.29,37.2
50,0,20,35.09,18,36.06,20.6,36.59
30,0,19.7,37.79,17.5,40,20.1,37.09
40,0,22.79,39.29,20.6,40.29,24.5,37.856
50,0,19.5667,46.6633,19.3233,45.4,19.89,44.79
20,0,18.89,44.79,18.2,44.6267,20,45
270,0,19.6,37.26,18.7,36.7,21.1714,37.5643
60,0,20.6,42.9667,18.79,44.4,21.79,42.6633
90,10,22.5667,40.4933,19.5,42.5667,23.0667,34.76
90,10,22.6,39.3267,20.79,40.9,22.29,38.4
50,0,20.79,35,18.8567,35.59,20.79,36.29
30,0,20.29,35.03,16.8233,39.8267,20.39,37.09
60,0,23.0667,45.3633,21,47,24.6,40.5
70,0,22.5,42,20.2,43.79,25.1667,40.5
130,0,23.6,40.8667,21.1,42.7933,24.5667,38
60,0,20.29,40.4333,18.4633,41.7,21.23,40.7667
50,0,21.29,35.29,19.5333,34.9,20.89,35.9667
60,0,24,45,22.2,45.59,26.7,40.4
70,0,20.89,44.9,20.39,43.29,21.5,44.09
120,10,24.9633,50.39,23.29,51,25.79,45.4
30,0,19.6333,38.9333,18.6,39.1633,19.0667,38.9667
100,0,21.8567,36.1567,19.9267,36.4,21.5333,34.8633
40,0,21.2,41.4667,18.6,45.09,23.2,39.9
80,0,21.1,45.2933,20.29,43.2,23.29,43.1933
50,0,19.79,37.4,17.5,39.79,20.1,39.06
60,0,20.8567,33.3633,19.1333,33.76,20.2,34.7
50,0,20.73,41,20,40.2,20.89,41.79
30,0,23.6,39.0267,20.6,42.3333,24.76,36.93
70,10,21.65,38.69,20.7,38.1633,20.79,41.4
90,20,20.39,38.7933,18.1,40.6933,20.6333,36.3
50,0,22.2,40.3633,21.2,40,22.39,40.09
50,0,22.1333,43.79,19.6,47.5,24.7,41
720,10,22.2,37.9333,21.1,37,23.1667,36.6267
50,0,18.6,42.4,17.9633,41.7,19.7,43.2
80,20,20.7,43.6333,20.0667,42.79,20.5,44.2
50,0,22.7,38,19.2,42.2,23.29,37.5
50,0,20.7,37.7,18.6333,39.1267,20.7,39.4
80,0,22.5,39.3267,23.4633,35.9333,23.1667,38
60,0,22.1667,42.1633,24.2675,37.5675,23.1333,39
50,0,21.175,40.1725,19.1333,41.09,21,40.56
160,0,25.3,49.66,24.29,46.6667,25.89,42.3267
60,30,21.79,46.23,20.89,46,23.1,46.1267
40,0,20.7,36.29,17.2,40.4,22.1,36.09
60,0,21.2,45.7,20.6,43.9,22.2,45.2
90,0,21.5,39.53,20.39,39.5,21.1,39.29
50,0,23.025,42.475,22.39,41.26,23.5,42.79
60,0,21.76,35.29,18.29,39.09,23.29,35.09
60,0,23.79,45,22.2,45.754,26.6,40.5
60,0,20.89,37.43,19.6,35.8267,21.4267,37.0967
90,0,25.5667,32.3567,26.9633,27.6233,25.1,36.2
60,0,22.26,38.76,20.7,39.4333,22.6,38.03
70,0,20.6,37.7267,19.5,37.76,19.79,37.5
50,0,22.5,43.8333,20.7,44.4,23.2,40.56
190,20,19.2,39.53,17.79,40.245,19,39.6633
110,0,21.5667,37.53,20.2,37.56,21,37.59
60,0,22.89,41.59,20.87,43.572,24.7,40.2
70,20,23.7,45.29,22.745,43.79,23.6,44.7
80,0,22.29,39,23.79,35.2,23.1,37.7
50,0,21.29,39.4,18.6,43.2675,22.29,38.4
70,10,20.79,42.6333,20.1,40.2,21.5,40.8267
440,0,22.89,36.6,22.79,33.8333,26.1333,35.5
100,10,22.79,41.73,21.8567,41.1633,21.79,42.9667
50,0,23.1,41.79,25.96,35.7667,24.29,38.7
50,0,23.8233,40.3267,21.29,42.79,25.5,39.9
110,20,22.5667,33.1267,21.3233,32.06,23.7,35.79
80,0,23.2,41.9,23.9633,38.4667,24.2,39.5
110,0,19.29,40.6633,18.7,39.7,19.29,42.06
50,0,21.7,38.73,18.89,42.59,22.39,38.2
60,0,21.39,39.5,18.76,42.8267,22.39,39
50,0,21.1667,36.09,18.6,37.2,20.8233,35.2667
50,0,21.89,42.5,19.6,45.8633,23.76,40.09
70,0,21.3567,41.03,21.6933,40.8233,22.4267,38.4
40,30,22.6,37,20.3567,39.09,21.89,36.4
60,0,21.2,40,20.39,40,21.79,37.7
80,0,22.1857,37.1214,20.79,37.4571,21.29,37.3725
40,0,21.3567,35.3633,18.4633,38.3633,20.39,36.79
60,0,21.29,33.4667,20.29,33.09,20.7,34
80,10,20.6,33.2667,19.2,33.5,19.89,33.5
60,0,20.29,39.73,19.5667,38.8633,20.5,40.2
50,0,22.79,39.23,20.79,39.1267,25,35.9
50,0,22.5,37.7,18.79,41.9,23.29,37.5
50,0,21.29,36.09,19.29,37.4,20.89,38.29
60,20,22.39,44,21.6,43,21.9878,44.2
60,0,20,44.4333,19.1,43.334,19.89,44.9
100,20,21,37.2,18.5,40.6567,20.39,37.26
30,0,20.26,35.7,18.1,37.7,20.04,37.536
20,0,18.79,46.59,18.1,46.59,19.7,45.09
50,0,21.29,36.29,17.7,40.73,21.39,35.7
70,0,20.5,42.1633,20,40.3633,20.79,41.09
100,0,23.4267,46.0967,21.6333,47.23,25,40.79
50,0,21.2,43.26,19.8233,44.03,21.89,42.09
100,0,23.5,36.6933,22.6571,33.5543,24.2643,35.4143
320,0,24.7,47.9667,22.79,50.0129,26.4371,43.09
130,0,22.9633,54.8233,22.39,42.9333,23.3567,39.5633
50,0,22.2,43.4667,20.1,44.7,23.4267,40.8267
50,10,21.39,47.09,20.5,47.1633,21.7,46.7
60,0,21.9633,39.4333,19.6,42.03,22.79,38.3633
150,0,20.76,36.4967,19.2,33.96,20.0667,33.7667
70,0,20.956,38.732,20.1,37.6083,20.7,38.2
90,0,21.1,33.5,19.6667,32.73,23.6667,36.3333
80,10,21.29,39.9333,20.3667,41.1667,23.0333,37.23
80,10,22.7,41.925,21.89,41.79,22.4939,43.53
130,0,24.89,50.59,23.3567,51.06,25.79,45.4667
40,0,20.29,37,17.4633,40.06,20.1333,37.09
70,0,22.0875,37.0213,20.7514,37.3214,21.29,37.2514
50,0,21,40.2,19.3233,41.7,20.5,38.56
40,0,20.4267,34.3267,18.79,34.925,19.89,36.59
140,10,20.26,38.3633,18.0333,39.8267,20.0667,36.9
50,0,21.9633,44.5,21.1333,43.7,22.0167,44.4317
610,0,19.8233,34.9667,19.125,32.2225,20.39,34.3233
50,0,21.9633,39.29,19.6667,41.7,22.79,38.2
50,0,18.79,44.5,18.1,43.9667,19.5,43.9
50,0,20.7,39.8243,19.6857,38.2386,20.6143,38.1057
100,10,23.7,43.4333,22.3186,42.9,24.29,39.9
100,10,21.2,47.96,19.6333,40.3,21.6,36.6933
60,0,21.89,40.1267,23.7,35.73,22.5,38.7
50,10,21.1,41.29,18.4267,45.1267,23.2,39.9
230,0,20.79,36.59,18.1,39.6633,21.6667,35.3633
50,0,21,45.2233,20.29,43.59,21.7,43.73
90,20,22.39,38.79,21.29,39.1267,22.8567,37.9667
50,0,20.6,34.7,17.0333,39.56,21.2,34.53
70,10,19,39.2,17.6,39.59,19.6,40.56
40,0,21.39,40.09,18.5667,44.1267,22.2,38.4
50,0,21.1,41.29,18.4267,45.1267,23.2,39.9
50,0,21.29,39.59,18.7,43,22.39,39
130,0,22.89,39,21.2,38.1267,23.1,35.6267
140,30,21.6,44.36,20.2,44.73,21.79,42.79
50,0,17.89,44.56,17.1,44.9,19,42.26
20,0,22.79,40.09,22,39.1267,21,41.9
140,20,23.0667,41.6,22.29,40.5,21.79,43.1633
50,0,21,44.09,20.2,43.7,21.7,44.2
130,30,23.2,42.7233,22.39,41,21.79,44.0267
60,0,22.1,39.4,19.7,42.29,23.2,39.79
40,0,21,35.7,17.7,39.09,20.2,36.4667
50,0,21.2,39.9,18.89,42.845,22,37.9
190,0,21.2,43.0667,21.29,41.73,22.1,38.9
40,0,20.3567,36.7,18.5,37.3267,20.39,37.26
40,0,19.0667,39.2,17.6,39.59,19.6,40.5
70,0,22.6667,37.9,21.7,37.6633,22.89,38
50,0,20.89,39.4,18.8233,42.59,21.79,37.4
60,0,19.89,42.7,19.3233,40.7233,20.8233,41.7667
50,0,22,41.9333,21.3233,40.6633,20.8233,44.4667
80,0,21.29,35.4667,20.0667,35.79,20.2,36.5
50,0,25.0667,43.8267,23.5,44.9,26.79,40.29
50,0,18.79,46.59,18.1,46.59,19.6,45
50,0,21.76,34.3083,19.895,34.745,21.15,34.83
50,0,22.7,42,20.29,44.76,23.89,39.4
130,20,23,41.3175,22.29,40.4333,21.79,43.03
90,0,21.5,38.1267,22.9267,32.9667,22.4267,35.1267
90,10,20,43,19.0667,42.3633,20.6,44.03
40,0,19.6,43,18.89,42.645,19.79,44.5
50,10,21.1,41.29,18,47,20.79,38.4
50,0,20.6667,35.3633,17.1,39.79,20.29,36.9
50,0,21.89,38.4,19.1333,42.53,22.79,37.4
50,0,22.39,37.59,18.7,42,23.29,37.5
30,0,21.89,40.1567,22.1,38.5,22.39,38.26
40,0,21,36.3214,19,37.9,21,38.59
60,10,20.6,41.2,18.79,41.2,20.23,41.8267
50,0,24.79,47,22.6,49.6214,26.14,43.5
300,0,21.39,37.9,20.2,38.23,23.2267,39.0267
50,0,20.2,34.29,17.29,37.4667,22.2,35.09
620,0,22.7,41.7233,22.4267,39,23.29,39.2
70,10,21.89,35.93,18.9267,38.4,23.2,37.2
60,0,23.6,30.4,24.76,26.0667,23.1,32.7
80,0,21,39.2267,19.3233,39.5,22.39,37.23
270,0,20.1667,37.76,18.39,39.5,22.3267,36.4933
120,0,22.6,38.9667,21.2,39.5,22.7,37.79
50,0,21.79,35.2,18.39,39,23.2,34.79
70,0,22.89,40.4,22.4,40.3667,24.1,37.09
50,0,19.6,36.79,17.8233,38.2,20.865,36.6725
120,0,23.5,37.5333,22.7,35.51,24.39,35.9286
